ReactionID,ReactionName,ReactionSubSystem,minFluxWT,maxFluxWT,minFluxMUT,maxFluxMUT
CTPS_c,CTP synthase,CTP synthesis,0.000110473277785042,0.000145718869080201,8.73487279692821e-05,8.73487279692821e-05
Bio_opt,Light limiting biomass,biomass reaction,0.000122742631199804,0.000159306737928634,9.7049828862364e-05,0.000107833354291516
