ReactionID,ReactionName,ReactionSubSystem,minFluxWT,maxFluxWT,minFluxMUT,maxFluxMUT
DHFR_c,Dihydrofolate reductase,THF recycling,9.35668964336528e-05,0.000111563454085745,5.15958962346843e-05,5.73128409993929e-05
CTPS_c,CTP synthase,CTP synthesis,0.000121554177142547,0.000144933778691612,6.70290129286027e-05,7.44752690199949e-05
UDPR_c,Ribonucleoside-diphosphate reductase,nucleotide metabolism,9.35668964336528e-05,0.000111563454085745,5.15958962346843e-05,5.73128409993929e-05
dUTPP_c,Deoxyuridine-triphosphatase,nucleotide metabolism,9.35668964336528e-05,0.000111563454085745,5.15958962346843e-05,5.73128409993929e-05
dTMPS_c,Thymidylate synthase,nucleotide metabolism,9.35668964336528e-05,0.000111563454085745,5.15958962346843e-05,5.73128409993929e-05
dTMPK_c,Thymidine monophosphate kinase,nucleotide metabolism,9.35668964336528e-05,0.000111563454085745,5.15958962346843e-05,5.73128409993929e-05
dTDPK_c,Nucleoside-diphosphate kinase,nucleotide metabolism,9.35668964336528e-05,0.000111563454085745,5.15958962346843e-05,5.73128409993929e-05
dUDPK_c,Nucleoside-diphosphate kinase,nucleotide metabolism,9.35668964336528e-05,0.000111563454085745,5.15958962346843e-05,5.73128409993929e-05
Bio_opt,Light limiting biomass,biomass reaction,0.000135054194416449,0.00015931171094982,7.44733711041762e-05,8.27484012268624e-05
