ReactionID,ReactionName,ReactionSubSystem,minFluxWT,maxFluxWT,minFluxMUT,maxFluxMUT
AMPDA_c,AMP deaminase,GMP synthesis,0.000111100991853341,0.000124545700189762,8.78450602154092e-05,8.78450602154092e-05
IMPDH_c,IMP dehydrogenase,GMP synthesis,0.000111100991853341,0.000124545700189762,8.78450602154092e-05,8.78450602154092e-05
GMPS_c,GMP synthase,GMP synthesis,0.000111100991853341,0.000124545700189762,8.78450602154092e-05,8.78450602154092e-05
GMPK_c,guanylate kinase,nucleotide metabolism,0.000111100991853341,0.000124545700189762,8.78450602154092e-05,8.78450602154092e-05
CTPP_c,Nucleoside-triphosphatase,nucleotide metabolism,5.77784129807274e-05,6.39030578513998e-05,4.56840941091126e-05,4.56840941091126e-05
CDPR_c,Ribonucleoside-diphosphate reductase,nucleotide metabolism,5.77784129807274e-05,6.39030578513998e-05,4.56840941091126e-05,4.56840941091126e-05
dCDPK_c,Nucleoside-diphosphate kinase,nucleotide metabolism,5.77784129807274e-05,6.39030578513998e-05,4.56840941091126e-05,4.56840941091126e-05
Bio_opt,Light limiting biomass,biomass reaction,0.000143136334986719,0.000143136334986719,0.000113174686887758,0.00012574986320862
