ReactionID,ReactionName,ReactionSubSystem,minFluxWT,maxFluxWT,minFluxMUT,maxFluxMUT
DHFR_c,Dihydrofolate reductase,THF recycling,7.24155911732376e-05,0.000113062040611111,5.72573636352658e-05,5.72573636352658e-05
UDPR_c,Ribonucleoside-diphosphate reductase,nucleotide metabolism,7.24155911732376e-05,0.000113062040611111,5.72573636352658e-05,5.72573636352658e-05
dUTPP_c,Deoxyuridine-triphosphatase,nucleotide metabolism,7.24155911732376e-05,0.000113062040611111,5.72573636352658e-05,5.72573636352658e-05
dTMPS_c,Thymidylate synthase,nucleotide metabolism,7.24155911732376e-05,0.000113062040611111,5.72573636352658e-05,5.72573636352658e-05
dTMPK_c,Thymidine monophosphate kinase,nucleotide metabolism,7.24155911732376e-05,0.000113062040611111,5.72573636352658e-05,5.72573636352658e-05
dTDPK_c,Nucleoside-diphosphate kinase,nucleotide metabolism,7.24155911732376e-05,0.000113062040611111,5.72573636352658e-05,5.72573636352658e-05
dUDPK_c,Nucleoside-diphosphate kinase,nucleotide metabolism,7.24155911732376e-05,0.000113062040611111,5.72573636352658e-05,5.72573636352658e-05
Bio_opt,Light limiting biomass,biomass reaction,0.000104524460058656,0.00015931171094982,8.26451171825837e-05,9.18281190917596e-05
