ReactionID,ReactionName,ReactionSubSystem,IS_BD_FVA_WT,IS_BD_FVA_MUT,IS_BD_TVA_WT,IS_BD_TVA_Mut,minFlux_FVA_WT,maxFlux_FVA_WT,minFlux_FVA_Mut,maxFlux_FVA_Mut,minFlux_TVA_WT,maxFlux_TVA_WT,minFlux_TVA_Mut,maxFlux_TVA_Mut
Enol_c,Enolase,"gluconeogenesis, glycolysis",0,0,0,1,8.2e-05,0.000164746782258928,8.2e-05,0.00057659917077322,-98.937525287772,-0.0871514224658445,-100,0.043368320502176
PGAM_c,PGA mutase,"gluconeogenesis, glycolysis",0,0,0,1,8.2e-05,0.000164746782258928,8.2e-05,0.00057659917077322,-98.9380981181487,-0.0871514224658688,-100,0.0433683205020943
Tr_H2Oh,H2O diffusion,"transport",0,0,0,1,8.2e-05,0.000164746782258928,8.2e-05,0.00057659917077322,1.33060633603562,100,-0.834070254944385,100
Tr_Ala1,Ala diffusion,"transport",0,0,0,1,8.2e-05,0.000164746782258928,8.2e-05,0.00057659917077322,2.09500472525548e-12,0.15800758598844,-3.17438589146482,0.232130317736929
