ReactionID,ReactionName,ReactionSubSystem,IS_BD_FVA_WT,IS_BD_FVA_MUT,IS_BD_TVA_WT,IS_BD_TVA_Mut,minFlux_FVA_WT,maxFlux_FVA_WT,minFlux_FVA_Mut,maxFlux_FVA_Mut,minFlux_TVA_WT,maxFlux_TVA_WT,minFlux_TVA_Mut,maxFlux_TVA_Mut
GABATA1_m,"GABA transaminase",glutamate degradation,0,0,1,0,8.2e-05,0.000164746782258928,8.2e-05,0.00057659917077322,-4.22480405757742,0.645497870987508,0.0170713281773658,0.822091664773403
Tr_BAT11,"B0,+-type amino acid transporter 1",transport,0,0,1,0,8.2e-05,0.000164746782258928,8.2e-05,0.00057659917077322,-0.333544319861627,4.22480405757602,-0.419581496475478,-0.0170713281773877
Tr_CO2h,"CO2 diffusion",transport,0,0,0,1,8.2e-05,0.000164746782258928,8.2e-05,0.00057659917077322,0.480640940045115,3.82410761861883,-0.347294373012301,3.95876831668529
Tr_Pyr2,"Pyr diffusion",transport,0,0,1,0,8.2e-05,0.000164746782258928,8.2e-05,0.00057659917077322,-4.16145668451084,1.17573046936142,0.0193742535640034,1.44302998136403
