ReactionID,ReactionName,ReactionSubSystem,IS_BD_FVA_WT,IS_BD_FVA_MUT,IS_BD_TVA_WT,IS_BD_TVA_Mut,minFlux_FVA_WT,maxFlux_FVA_WT,minFlux_FVA_Mut,maxFlux_FVA_Mut,minFlux_TVA_WT,maxFlux_TVA_WT,minFlux_TVA_Mut,maxFlux_TVA_Mut
GABATA1_m,"GABA transaminase",glutamate degradation,0,0,1,0,8.2e-05,0.000164746782258928,8.2e-05,0.00057659917077322,-1.0100830618405,0.196848884068834,0.0330712991315636,0.196807948300378
Tr_BAT11,"B0,+-type amino acid transporter 1",transport,0,0,1,0,8.2e-05,0.000164746782258928,8.2e-05,0.00057659917077322,-0.114960103133698,1.0100830618396,-0.11493962371612,-0.033071299131598
Tr_Pyr2,"Pyr diffusion",transport,0,0,1,0,8.2e-05,0.000164746782258928,8.2e-05,0.00057659917077322,-0.913051714287089,0.433878209855504,0.0375326236137059,0.433796310293113
