ReactionID,ReactionName,ReactionSubSystem,IS_BD_FVA_WT,IS_BD_FVA_MUT,IS_BD_TVA_WT,IS_BD_TVA_Mut,minFlux_FVA_WT,maxFlux_FVA_WT,minFlux_FVA_Mut,maxFlux_FVA_Mut,minFlux_TVA_WT,maxFlux_TVA_WT,minFlux_TVA_Mut,maxFlux_TVA_Mut
Enol_c,"Enolase","gluconeogenesis, glycolysis",0,0,0,1,8.2e-05,0.000164746782258928,8.2e-05,0.00057659917077322,-98.6274712766521,-0.117833780832616,-100,0.146244375626142
PGAM_c,"PGA mutase","gluconeogenesis, glycolysis",0,0,0,1,8.2e-05,0.000164746782258928,8.2e-05,0.00057659917077322,-98.6274712766539,-0.117833780832974,-100,0.146244375626159
GABATA1_m,"GABA transaminase","glutamate degradation",0,0,1,0,8.2e-05,0.000164746782258928,8.2e-05,0.00057659917077322,-1.0100830618405,0.196848884068834,0.018236627551417,0.776551411888051
Tr_BAT11,"B0,+-type amino acid transporter 1","transport",0,0,1,0,8.2e-05,0.000164746782258928,8.2e-05,0.00057659917077322,-0.114960103133698,1.0100830618396,-0.397394019719748,-0.018236627551444
Tr_CO2h,"CO2 diffusion","transport",0,0,0,1,8.2e-05,0.000164746782258928,8.2e-05,0.00057659917077322,2.58393979369298,3.48106158395534,-0.133801849708238,3.92395685996925
Tr_H2Oh,"H2O diffusion","transport",0,0,0,1,8.2e-05,0.000164746782258928,8.2e-05,0.00057659917077322,1.64728008893776,100,-1.81322416238478,100
Tr_H2Om,"H2O diffusion","transport",0,0,0,1,8.2e-05,0.000164746782258928,8.2e-05,0.00057659917077322,-2.33140152950521,-0.0047086331734278,-4.92263987327745,0.960080168369884
Tr_NH41,"NH4 diffusion","transport",0,0,0,1,8.2e-05,0.000164746782258928,8.2e-05,0.00057659917077322,0.0242606712438143,1.35511658373398,-0.45018940452355,2.38785645211294
Tr_Pyr2,"Pyr diffusion","transport",0,0,1,0,8.2e-05,0.000164746782258928,8.2e-05,0.00057659917077322,-0.913051714287089,0.433878209855504,0.0206967520431078,1.37405947385561
