ReactionID,ReactionName,ReactionSubSystem,IS_BD_FVA_WT,IS_BD_FVA_MUT,IS_BD_TVA_WT,IS_BD_TVA_Mut,minFlux_FVA_WT,maxFlux_FVA_WT,minFlux_FVA_Mut,maxFlux_FVA_Mut,minFlux_TVA_WT,maxFlux_TVA_WT,minFlux_TVA_Mut,maxFlux_TVA_Mut
Enol_c,"Enolase","gluconeogenesis, glycolysis",0,0,0,1,8.2e-05,0.000164746782258928,8.2e-05,0.00016474262022092,-98.6501229774855,-0.115254535980208,-100,0.146649062292008
PGAM_c,"PGA mutase","gluconeogenesis, glycolysis",0,0,0,1,8.2e-05,0.000164746782258928,8.2e-05,0.00016474262022092,-98.6501229774833,-0.115254535979969,-100,0.146649062292233
GABATA1_m,"GABA transaminase","glutamate degradation",0,0,1,0,8.2e-05,0.000164746782258928,8.2e-05,0.00016474262022092,-1.02519286188891,0.198923085868544,0.0182073590382998,0.777695234255319
Tr_BAT11,"B0,+-type amino acid transporter 1","transport",0,0,1,0,8.2e-05,0.000164746782258928,8.2e-05,0.00016474262022092,-0.115970665486461,1.02519286188911,-0.397951296646823,-0.0182073590383326
Tr_CO2h,"CO2 diffusion","transport",0,0,0,1,8.2e-05,0.000164746782258928,8.2e-05,0.00016474262022092,2.5742157858494,3.48319668918988,-0.139164084390908,3.92489868300137
Tr_H2Oh,"H2O diffusion","transport",0,0,0,1,8.2e-05,0.000164746782258928,8.2e-05,0.00016474262022092,1.62418743192122,100,-1.81713036987669,100
Tr_NH41,"NH4 diffusion","transport",0,0,0,1,8.2e-05,0.000164746782258928,8.2e-05,0.00016474262022092,0.0200390069248095,1.36967262978884,-0.450935715510009,2.39071648209772
Tr_Pyr2,"Pyr diffusion","transport",0,0,1,0,8.2e-05,0.000164746782258928,8.2e-05,0.00016474262022092,-0.928317242673986,0.437962126735001,0.0206635352020328,1.37582883165434
