ReactionID,ReactionName,ReactionSubSystem,IS_BD_FVA_WT,IS_BD_FVA_MUT,IS_BD_TVA_WT,IS_BD_TVA_Mut,minFlux_FVA_WT,maxFlux_FVA_WT,minFlux_FVA_Mut,maxFlux_FVA_Mut,minFlux_TVA_WT,maxFlux_TVA_WT,minFlux_TVA_Mut,maxFlux_TVA_Mut
GABATA1_m,"GABA transaminase",glutamate degradation,0,0,1,0,8.2e-05,0.000164746782258928,8.2e-05,0.00016474262022092,-3.56094411133273,0.54698850804772,0.0241107376138245,0.546958907923444
Tr_BAT11,"B0,+-type amino acid transporter 1",transport,0,0,1,0,8.2e-05,0.000164746782258928,8.2e-05,0.00016474262022092,-0.28556488513427,3.56094411133095,-0.285550073544727,-0.0241107376138467
Tr_Pyr2,"Pyr diffusion",transport,0,0,1,0,8.2e-05,0.000164746782258928,8.2e-05,0.00016474262022092,-3.49020307517651,1.02666727327409,0.0273632806593285,1.02656816204366
