ReactionID,ReactionName,ReactionSubSystem,IS_BD_FVA_WT,IS_BD_FVA_MUT,IS_BD_TVA_WT,IS_BD_TVA_Mut,minFlux_FVA_WT,maxFlux_FVA_WT,minFlux_FVA_Mut,maxFlux_FVA_Mut,minFlux_TVA_WT,maxFlux_TVA_WT,minFlux_TVA_Mut,maxFlux_TVA_Mut
Enol_c,"Enolase","gluconeogenesis, glycolysis",0,0,0,1,8.2e-05,0.000164746782258928,8.2e-05,0.00057659917077322,-100,-0.00429509700294955,-100,0.182522983096364
PGAM_c,"PGA mutase","gluconeogenesis, glycolysis",0,0,0,1,8.2e-05,0.000164746782258928,8.2e-05,0.00057659917077322,-100,-0.00429509700295952,-100,0.182522983096306
GABATA1_m,"GABA transaminase","glutamate degradation",0,0,1,0,8.2e-05,0.000164746782258928,8.2e-05,0.00057659917077322,-2.36461868376614,0.382793119975283,0.015612817608087,0.879090700077013
Tr_BAT11,"B0,+-type amino acid transporter 1","transport",0,0,1,0,8.2e-05,0.000164746782258928,8.2e-05,0.00057659917077322,-0.205535234173397,2.36461868377008,-0.447341883259703,-0.0156128176081107
Tr_CO2h,"CO2 diffusion","transport",0,0,0,1,8.2e-05,0.000164746782258928,8.2e-05,0.00057659917077322,1.71221978623074,3.62371157457185,-0.614505622442586,4.00225236311747
Tr_Pyr2,"Pyr diffusion","transport",0,0,1,0,8.2e-05,0.000164746782258928,8.2e-05,0.00057659917077322,-2.28154778432306,0.753603510763254,0.0177189896442325,1.52930720365461
