ReactionID,ReactionName,ReactionSubSystem,IS_BD_FVA_WT,IS_BD_FVA_MUT,IS_BD_TVA_WT,IS_BD_TVA_Mut,minFlux_FVA_WT,maxFlux_FVA_WT,minFlux_FVA_Mut,maxFlux_FVA_Mut,minFlux_TVA_WT,maxFlux_TVA_WT,minFlux_TVA_Mut,maxFlux_TVA_Mut
Enol_c,Enolase,"gluconeogenesis, glycolysis",0,0,0,1,8.2e-05,0.000164746782258928,8.2e-05,0.000164746782258928,-99.4461170920949,-0.0626285798932804,-100,0.0304922383565056
PGAM_c,PGA mutase,"gluconeogenesis, glycolysis",0,0,0,1,8.2e-05,0.000164746782258928,8.2e-05,0.000164746782258928,-99.4461170920967,-0.0626285798932834,-100,0.0304922383562836
Tr_H2Oh,H2O diffusion,"transport",0,0,0,1,8.2e-05,0.000164746782258928,8.2e-05,0.000164746782258928,0.812697857015515,100,-0.738942318570003,100
