ReactionID,ReactionName,ReactionSubSystem,IS_BD_FVA_WT,IS_BD_FVA_MUT,IS_BD_TVA_WT,IS_BD_TVA_Mut,minFlux_FVA_WT,maxFlux_FVA_WT,minFlux_FVA_Mut,maxFlux_FVA_Mut,minFlux_TVA_WT,maxFlux_TVA_WT,minFlux_TVA_Mut,maxFlux_TVA_Mut
PGAK_c,PGA kinase,"gluconeogenesis, glycolysis",0,0,0,1,8.2e-05,0.000164746782258928,8.2e-05,0.000576613737906249,-5.71912275862544,-0.00105987663924711,-6.6429678459441,0.156050698680446
GAPDH2_c,GAP dehydrogenase,"gluconeogenesis, glycolysis",0,0,0,1,8.2e-05,0.000164746782258928,8.2e-05,0.000576613737906249,0.00105987663917251,5.71912275862361,-0.156050698680258,6.64296784594236
Tr_CO2h,CO2 diffusion,"transport",0,0,0,1,8.2e-05,0.000164746782258928,8.2e-05,0.000576613737906249,0.480640940045115,3.82410761861883,-0.142547934244066,3.92550964049384
