ReactionID,ReactionName,ReactionSubSystem,IS_BD_FVA_WT,IS_BD_FVA_MUT,IS_BD_TVA_WT,IS_BD_TVA_Mut,minFlux_FVA_WT,maxFlux_FVA_WT,minFlux_FVA_Mut,maxFlux_FVA_Mut,minFlux_TVA_WT,maxFlux_TVA_WT,minFlux_TVA_Mut,maxFlux_TVA_Mut
Enol_c,Enolase,"gluconeogenesis, glycolysis",0,0,0,1,8.2e-05,0.000164746782258928,8.2e-05,0.000164746782258928,-98.6501229774855,-0.115254535980208,-100,0.00470251625201712
PGAM_c,PGA mutase,"gluconeogenesis, glycolysis",0,0,0,1,8.2e-05,0.000164746782258928,8.2e-05,0.000164746782258928,-98.6501229774833,-0.115254535979969,-100,0.00470251625186682
Tr_H2Oh,H2O diffusion,"transport",0,0,0,1,8.2e-05,0.000164746782258928,8.2e-05,0.000164746782258928,1.62418743192122,100,-0.534875913591015,100
Tr_NH41,NH4 diffusion,"transport",0,0,0,1,8.2e-05,0.000164746782258928,8.2e-05,0.000164746782258928,0.0200390069248095,1.36967262978884,-0.192372378742159,2.796274122309
