ReactionID,ReactionName,ReactionSubSystem,IS_BD_FVA_WT,IS_BD_FVA_MUT,IS_BD_TVA_WT,IS_BD_TVA_Mut,minFlux_FVA_WT,maxFlux_FVA_WT,minFlux_FVA_Mut,maxFlux_FVA_Mut,minFlux_TVA_WT,maxFlux_TVA_WT,minFlux_TVA_Mut,maxFlux_TVA_Mut
Enol_c,"Enolase","gluconeogenesis, glycolysis",0,0,0,1,8.2e-05,0.000164746782258928,8.2e-05,0.00016474262022092,-98.626443240982,-0.117950838520373,-100,0.14622600913194
PGAM_c,"PGA mutase","gluconeogenesis, glycolysis",0,0,0,1,8.2e-05,0.000164746782258928,8.2e-05,0.00016474262022092,-98.62644324098,-0.117950838520121,-100,0.146226009132139
GABATA1_m,"GABA transaminase","glutamate degradation",0,0,1,0,8.2e-05,0.000164746782258928,8.2e-05,0.00016474262022092,-1.00939731141547,0.196754747498009,0.0182379558876704,0.776499500104297
Tr_BAT11,"B0,+-type amino acid transporter 1","transport",0,0,1,0,8.2e-05,0.000164746782258928,8.2e-05,0.00016474262022092,-0.114914239286448,1.00939731141553,-0.397368727996078,-0.0182379558877038
Tr_CO2h,"CO2 diffusion","transport",0,0,0,1,8.2e-05,0.000164746782258928,8.2e-05,0.00016474262022092,2.58438111273911,3.48096468331371,-0.13355848747458,3.90407630574294
Tr_H2Oh,"H2O diffusion","transport",0,0,0,1,8.2e-05,0.000164746782258928,8.2e-05,0.00016474262022092,1.64832813717871,100,-1.81304688118797,100
Tr_H2Om,"H2O diffusion","transport",0,0,0,1,8.2e-05,0.000164746782258928,8.2e-05,0.00016474262022092,-2.33098076096284,-0.005637038431533,-4.92240784721344,0.960017519078
Tr_NH41,"NH4 diffusion","transport",0,0,0,1,8.2e-05,0.000164746782258928,8.2e-05,0.00016474262022092,0.0245254869577527,1.35445596514876,-0.450155533587257,2.38074265455592
Tr_Pyr2,"Pyr diffusion","transport",0,0,1,0,8.2e-05,0.000164746782258928,8.2e-05,0.00016474262022092,-0.912358896213555,0.433692863410037,0.020698259572157,1.3740188953879
