ReactionID,ReactionName,ReactionSubSystem,IS_BD_FVA_WT,IS_BD_FVA_MUT,IS_BD_TVA_WT,IS_BD_TVA_Mut,minFlux_FVA_WT,maxFlux_FVA_WT,minFlux_FVA_Mut,maxFlux_FVA_Mut,minFlux_TVA_WT,maxFlux_TVA_WT,minFlux_TVA_Mut,maxFlux_TVA_Mut
Enol_c,"Enolase","gluconeogenesis, glycolysis",0,0,0,1,8.2e-05,0.000164746782258928,8.2e-05,0.00057659917077322,-98.6274712766521,-0.117833780832616,-100,0.0328166288881062
PGAM_c,"PGA mutase","gluconeogenesis, glycolysis",0,0,0,1,8.2e-05,0.000164746782258928,8.2e-05,0.00057659917077322,-98.6274712766539,-0.117833780832974,-100,0.0328166288882548
GABATA1_m,"GABA transaminase","glutamate degradation",0,0,1,0,8.2e-05,0.000164746782258928,8.2e-05,0.00057659917077322,-1.0100830618405,0.196848884068834,0.0261487521008377,0.467343185347019
Tr_BAT11,"B0,+-type amino acid transporter 1","transport",0,0,1,0,8.2e-05,0.000164746782258928,8.2e-05,0.00057659917077322,-0.114960103133698,1.0100830618396,-0.246745968723944,-0.0261487521008638
Tr_H2Oh,"H2O diffusion","transport",0,0,0,1,8.2e-05,0.000164746782258928,8.2e-05,0.00057659917077322,1.64728008893776,100,-0.757263441884375,100
Tr_H2Om,"H2O diffusion","transport",0,0,0,1,8.2e-05,0.000164746782258928,8.2e-05,0.00057659917077322,-2.33140152950521,-0.0047086331734278,-3.54059588783088,0.586914867531532
Tr_NH41,"NH4 diffusion","transport",0,0,0,1,8.2e-05,0.000164746782258928,8.2e-05,0.00057659917077322,0.0242606712438143,1.35511658373398,-0.238952761750081,1.61470773183511
Tr_Pyr2,"Pyr diffusion","transport",0,0,1,0,8.2e-05,0.000164746782258928,8.2e-05,0.00057659917077322,-0.913051714287089,0.433878209855504,0.0296762236845467,0.895166453479496
