ReactionID,ReactionName,ReactionSubSystem,IS_BD_FVA_WT,IS_BD_FVA_MUT,IS_BD_TVA_WT,IS_BD_TVA_Mut,minFlux_FVA_WT,maxFlux_FVA_WT,minFlux_FVA_Mut,maxFlux_FVA_Mut,minFlux_TVA_WT,maxFlux_TVA_WT,minFlux_TVA_Mut,maxFlux_TVA_Mut
Enol_c,Enolase,"gluconeogenesis, glycolysis",0,0,0,1,8.2e-05,0.000164746782258928,8.2e-05,0.000164746782258928,-98.626443240982,-0.117950838520373,-100,0.00315834415944408
PGAM_c,PGA mutase,"gluconeogenesis, glycolysis",0,0,0,1,8.2e-05,0.000164746782258928,8.2e-05,0.000164746782258928,-98.62644324098,-0.117950838520121,-100,0.00315834415944116
Tr_H2Oh,H2O diffusion,"transport",0,0,0,1,8.2e-05,0.000164746782258928,8.2e-05,0.000164746782258928,1.64832813717871,100,-0.521712868041941,100
Tr_H2Om,H2O diffusion,"transport",0,0,0,1,8.2e-05,0.000164746782258928,8.2e-05,0.000164746782258928,-2.33098076096284,-0.005637038431533,-3.23332720902556,0.504019949792973
Tr_NH41,NH4 diffusion,"transport",0,0,0,1,8.2e-05,0.000164746782258928,8.2e-05,0.000164746782258928,0.0245254869577527,1.35445596514876,-0.189813718630688,2.77116558617115
