ReactionID,ReactionName,ReactionSubSystem,IS_BD_FVA_WT,IS_BD_FVA_MUT,IS_BD_TVA_WT,IS_BD_TVA_Mut,minFlux_FVA_WT,maxFlux_FVA_WT,minFlux_FVA_Mut,maxFlux_FVA_Mut,minFlux_TVA_WT,maxFlux_TVA_WT,minFlux_TVA_Mut,maxFlux_TVA_Mut
GABATA1_m,"GABA transaminase",glutamate degradation,0,0,1,0,8.2e-05,0.000164746782258928,8.2e-05,0.00016474262022092,-1.55616013900305,0.271811759326598,0.0311530616625646,0.271773250245279
Tr_BAT11,"B0,+-type amino acid transporter 1",transport,0,0,1,0,8.2e-05,0.000164746782258928,8.2e-05,0.00016474262022092,-0.151482422028182,1.55616013900235,-0.151463155954048,-0.0311530616625957
Tr_Pyr2,"Pyr diffusion",transport,0,0,1,0,8.2e-05,0.000164746782258928,8.2e-05,0.00016474262022092,-1.46475690530185,0.567783124916899,0.0353556155488452,0.567715665821307
