ReactionID,ReactionName,ReactionSubSystem,minFluxWT,maxFluxWT,minFluxMUT,maxFluxMUT
GDPK_c,Nucleoside-diphosphate kinase,nucleotide metabolism,0.000178320583869982,0.000178320583869982,0.000150468253264461,0.000150468253264461
Bio_opt,Light limiting biomass,biomass reaction,0.000440537042022782,0.000440537042022782,0.000371728477850834,0.000413031853167593
