ReactionID,ReactionName,ReactionSubSystem,minFluxWT,maxFluxWT,minFluxMUT,maxFluxMUT
GDPK_c,Nucleoside-diphosphate kinase,nucleotide metabolism,0.000178320583869982,0.000178320583869982,0.000140994166751481,0.000140994166751481
Bio_opt,Light limiting biomass,biomass reaction,0.000440537042022782,0.000440537042022782,0.000348322957536145,0.000387025719484606
