ReactionID,ReactionName,ReactionSubSystem,minFluxWT,maxFluxWT,minFluxMUT,maxFluxMUT
CTPP_c,Nucleoside-triphosphatase,nucleotide metabolism,0.000178454048546564,0.000178454048546564,0.000141099694480425,0.000141099694480425
CDPR_c,Ribonucleoside-diphosphate reductase,nucleotide metabolism,0.000178454048546564,0.000178454048546564,0.000141099694480425,0.000141099694480425
dCDPK_c,Nucleoside-diphosphate kinase,nucleotide metabolism,0.000178454048546564,0.000178454048546564,0.000141099694480425,0.000141099694480425
Bio_opt,Light limiting biomass,biomass reaction,0.000442089997885754,0.000491211108761948,0.000349550845960523,0.000388390039956136
