ReactionID,ReactionName,ReactionSubSystem,minFluxWT,maxFluxWT,minFluxMUT,maxFluxMUT
GDPR_c,Ribonucleoside-diphosphate reductase,nucleotide metabolism,0.000163927994070938,0.000183123333115002,0.000138101572844684,0.000138101572844684
dGDPK_c,Nucleoside-diphosphate kinase,nucleotide metabolism,0.000163927994070938,0.000183123333115002,0.000138101572844684,0.000138101572844684
Bio_opt,Light limiting biomass,biomass reaction,0.000441366667755181,0.000481645169384336,0.000371830518415454,0.000413145231572727
