ReactionID,ReactionName,ReactionSubSystem,minFluxWT,maxFluxWT,minFluxMUT,maxFluxMUT
CTPP_c,Nucleoside-triphosphatase,nucleotide metabolism,0.000178454048546564,0.000178454048546564,0.000150580871907223,0.000150580871907223
CDPR_c,Ribonucleoside-diphosphate reductase,nucleotide metabolism,0.000178454048546564,0.000178454048546564,0.000150580871907223,0.000150580871907223
dCDPK_c,Nucleoside-diphosphate kinase,nucleotide metabolism,0.000178454048546564,0.000178454048546564,0.000150580871907223,0.000150580871907223
Bio_opt,Light limiting biomass,biomass reaction,0.000442089997885754,0.000491211108761948,0.000373038874070315,0.000414487848967016
