ReactionID,ReactionName,ReactionSubSystem,minFluxWT,maxFluxWT,minFluxMUT,maxFluxMUT
GDPR_c,Ribonucleoside-diphosphate reductase,nucleotide metabolism,0.00016419664611475,0.000169766758390761,0.000138550368218458,0.000138550368218458
GDPK_c,Nucleoside-diphosphate kinase,nucleotide metabolism,0.000178949189344184,0.000197838598569611,0.000150998675446184,0.000150998675446184
dGDPK_c,Nucleoside-diphosphate kinase,nucleotide metabolism,0.00016419664611475,0.000169766758390761,0.000138550368218458,0.000138550368218458
Bio_opt,Light limiting biomass,biomass reaction,0.000442089997885761,0.000486432488651891,0.00037303887407032,0.000414487848967022
