ReactionID,ReactionName,ReactionSubSystem,IS_BD_FVA_WT,IS_BD_FVA_MUT,IS_BD_TVA_WT,IS_BD_TVA_Mut,minFlux_FVA_WT,maxFlux_FVA_WT,minFlux_FVA_Mut,maxFlux_FVA_Mut,minFlux_TVA_WT,maxFlux_TVA_WT,minFlux_TVA_Mut,maxFlux_TVA_Mut
GAPDH2_h,GAP dehydrogenase,glycolysis,1,1,0,1,-26.8683882406934,973.131748809843,-26.0493514097549,973.951172250942,-0.705281019049485,-0.0580944522921859,-0.736279205270728,3.85989818515041
AspAT_c,Asp aminotransferase,aspartate synthesis,1,1,0,1,-999.924182732589,1000,-999.887939894138,1000,0.0150883893457013,0.0842481120195464,-0.0313915745103221,0.11222641223515
GluSNADP_h,Glu synthase,glutamate synthesis,1,1,1,0,-1000,1.26803302818237,-1000,1.41454684917255,-0.0865591007483559,0.0865590995553684,0,4.63175383111729
GluDH1NADP_m,Glu dehydrogenase,glutamate synthesis,1,1,1,0,-1000,6.99182060246414,-999.929099870038,3.52228427722719,-0.0430435992010771,5.05483392609288,3.16568045818022,5.05170365778408
Tr_TPT3,TP/Pi translocator,transport,1,1,1,0,-994.938252922893,1000,-996.521016791933,1000,-0.0432795498243745,5.588716888059,5.29872557336613,5.72558250704559
Tr_DTC2B,Di-/ri-carboxylate carrier,transport,1,1,0,1,-1000,1000,-1000,1000,0.105206595321985,9.54204567814235,-1.51314180857862,0.306515592524529
Tr_DTC3A,Di-/ri-carboxylate carrier,transport,1,1,1,0,-1000,1000,-1000,1000,-9.3123961755262,0.0432795057614949,-4.32616671564153,-2.50018236388052
Tr_DTC3C,Di-/ri-carboxylate carrier,transport,1,1,0,1,-1000,1000,-1000,1000,-9.49876621385977,-0.143091157538837,-0.316391209250099,1.49392984696648
