ReactionID,ReactionName,ReactionSubSystem,IS_BD_FVA_WT,IS_BD_FVA_MUT,IS_BD_TVA_WT,IS_BD_TVA_Mut,minFlux_FVA_WT,maxFlux_FVA_WT,minFlux_FVA_Mut,maxFlux_FVA_Mut,minFlux_TVA_WT,maxFlux_TVA_WT,minFlux_TVA_Mut,maxFlux_TVA_Mut
AlaTA_x,Ala transaminase,alanine synthesis,0,0,1,0,0.000914344641537051,0.00101593849059672,0.000914321542226096,0.00101591282469567,-99.8569913934254,3.27926177753251,0,3.27836674205315
AspAT_c,Asp aminotransferase,aspartate synthesis,0,0,1,0,0.000914344641537051,0.00101593849059672,0.000914321542226096,0.00101591282469567,-99.7833648686527,3.35499197795604,0.075730183266954,3.35409692532007
AspAT_x,Asp aminotransferase,aspartate synthesis,0,0,1,0,0.000914344641537051,0.00101593849059672,0.000914321542226096,0.00101591282469567,-3.27926177753257,99.8590950690788,-3.27836674205313,0
Tr_Pyr3,Pyr diffusion,transport,0,0,1,0,0.000914344641537051,0.00101593849059672,0.000914321542226096,0.00101591282469567,-99.8590950690764,3.27926177753235,0,3.27836674205315
Tr_OAA,OAA diffusion,transport,0,0,1,0,0.000914344641537051,0.00101593849059672,0.000914321542226096,0.00101591282469567,-3.27926177753096,99.8590950690759,-3.27836674205313,0
Tr_Asp,Asp diffusion,transport,0,0,1,0,0.000914344641537051,0.00101593849059672,0.000914321542226096,0.00101591282469567,-99.8590950690751,3.27926177753249,0,3.27836674205322
