ReactionID,ReactionName,ReactionSubSystem,IS_BD_FVA_WT,IS_BD_FVA_MUT,IS_BD_TVA_WT,IS_BD_TVA_Mut,minFlux_FVA_WT,maxFlux_FVA_WT,minFlux_FVA_Mut,maxFlux_FVA_Mut,minFlux_TVA_WT,maxFlux_TVA_WT,minFlux_TVA_Mut,maxFlux_TVA_Mut
GAPDH2_h,GAP dehydrogenase,glycolysis,1,1,0,1,-26.8683882406934,973.131748809843,-41.7077157132057,958.293122722007,-0.705281019049485,-0.0580944522921859,-0.733437449811262,3.88702905040605
AspAT_c,Asp aminotransferase,aspartate synthesis,1,1,0,1,-999.924182732589,1000,-999.820580137887,1000,0.0150883893457013,0.0842481120195464,-0.0299827820096887,0.114120194518059
GluSNADP_h,Glu synthase,glutamate synthesis,1,1,1,0,-1000,1.26803302818237,-1000,2.26483634550041,-0.0865591007483559,0.0865590995553684,0,4.64290079134921
GluDH1NADP_m,Glu dehydrogenase,glutamate synthesis,1,1,1,0,-1000,6.99182060246414,-999.886481532015,5.6395427659117,-0.0430435992010771,5.05483392609288,3.22713285726235,5.05129703859553
Tr_TPT3,TP/Pi translocator,transport,1,1,1,0,-994.938252922893,1000,-994.429786740973,1000,-0.0432795498243745,5.588716888059,5.31276750349328,5.72730076806127
Tr_DTC2B,Di-/ri-carboxylate carrier,transport,1,1,0,1,-1000,1000,-1000,1000,0.105206595321985,9.54204567814235,-1.45038532872943,0.310095885549206
Tr_DTC3A,Di-/ri-carboxylate carrier,transport,1,1,1,0,-1000,1000,-1000,1000,-9.3123961755262,0.0432795057614949,-4.32557463347812,-2.5617821109177
Tr_DTC3C,Di-/ri-carboxylate carrier,transport,1,1,0,1,-1000,1000,-1000,1000,-9.49876621385977,-0.143091157538837,-0.319677030041326,1.43136968246212
