ReactionID,ReactionName,ReactionSubSystem,IS_BD_FVA_WT,IS_BD_FVA_MUT,IS_BD_TVA_WT,IS_BD_TVA_Mut,minFlux_FVA_WT,maxFlux_FVA_WT,minFlux_FVA_Mut,maxFlux_FVA_Mut,minFlux_TVA_WT,maxFlux_TVA_WT,minFlux_TVA_Mut,maxFlux_TVA_Mut
Enol_c,Enolase,"gluconeogenesis, glycolysis",0,0,0,1,0.000914344641537051,0.00101593849059672,0.000914321542226096,0.00101591282469567,-95.8360737453982,-0.322516342459464,-100,1.64659738203661
PGAM_c,PGA mutase,"gluconeogenesis, glycolysis",0,0,0,1,0.000914344641537051,0.00101593849059672,0.000914321542226096,0.00101591282469567,-95.8360737453986,-0.322516342459239,-100,1.6465973820366
PGAK_c,PGA kinase,"gluconeogenesis, glycolysis",0,0,0,1,0.000914344641537051,0.00101593849059672,0.000914321542226096,0.00101591282469567,-8.06333082856957,-3.42333363497769,-20.466450327724,0.556533122770645
GAPDH2_c,GAP dehydrogenase,"gluconeogenesis, glycolysis",0,0,0,1,0.000914344641537051,0.00101593849059672,0.000914321542226096,0.00101591282469567,3.42333363497772,8.06333082856907,-0.556533122770706,20.4664503277251
Tr_CO2h,CO2 diffusion,"transport",0,0,0,1,0.000914344641537051,0.00101593849059672,0.000914321542226096,0.00101591282469567,7.93794038374667,10.7405178978299,-0.428653063346198,12.1014868875418
Tr_H2Oh,H2O diffusion,"transport",0,0,0,1,0.000914344641537051,0.00101593849059672,0.000914321542226096,0.00101591282469567,5.00975182964961,100,-14.8587051027264,100
Tr_NH41,NH4 diffusion,"transport",0,0,0,1,0.000914344641537051,0.00101593849059672,0.000914321542226096,0.00101591282469567,0.0620477698446592,4.2219970975077,-1.47433918391834,16.0473937629621
