ReactionID,ReactionName,ReactionSubSystem,IS_BD_FVA_WT,IS_BD_FVA_MUT,IS_BD_TVA_WT,IS_BD_TVA_Mut,minFlux_FVA_WT,maxFlux_FVA_WT,minFlux_FVA_Mut,maxFlux_FVA_Mut,minFlux_TVA_WT,maxFlux_TVA_WT,minFlux_TVA_Mut,maxFlux_TVA_Mut
TPI_c,TP isomerase,"sucrose synthesis, gluconeogenesis, glycolysis",1,1,1,0,-990.81661990397,995.966765676941,-978.602603075165,993.460006698922,-2.23908878572113,9.18665708804411,6.07170079921794,7.38550204333345
MalDH1_m,Mal dehydrogenase,"tricarboxylic acid cycle, glyoxylate cycle",1,1,1,0,-1000,999.611139423426,-1000,1000,-0.594991166862489,13.9365057072024,15.2759804344963,17.9986382664273
GluDH3NADP_c,Glu dehydrogenase,"glutamate synthesis",1,1,0,1,-999.027857921074,997.060610658445,-997.642569617561,991.87696811549,-0.524178830369015,-0.0504494962767925,-0.521848287257589,1.25874535602375
Tr_DTC2A,Di-/ri-carboxylate carrier,"transport",1,1,1,0,-1000,1000,-1000,1000,-1.04693462282029,14.3787917931883,12.1507492990853,15.1691249609242
Tr_DTC3A,Di-/ri-carboxylate carrier,"transport",1,1,1,0,-1000,1000,-1000,1000,-14.1098241423849,1.3159022730428,-13.8578266853327,-11.0524287572595
Tr_DTC3C,Di-/ri-carboxylate carrier,"transport",1,1,1,0,-1000,1000,-1000,1000,-14.3992303700173,1.11954439301026,-2.9413315560318,-0.0281789404520865
Tr_NH41,NH4 diffusion,"transport",1,0,0,1,-0.0572074705383594,0.134313707239139,0.482757797892007,0.483534421256198,1.3544371262584,1.5962595572015,-0.219925773161262,0.355417022332513
Tr_Pyr1,Pyr diffusion,"transport",0,0,0,1,-0.282668738759138,-0.186792533420002,-0.912832478110662,-0.912304961548214,-0.559467305257299,-0.118468613870577,-0.415827047711914,0.368402561020029
Tr_Gly,Gly diffusion,"transport",0,1,1,0,-2.46221191058989,-2.42386968557307,-1.95578233308513e-05,2.34693893730598e-05,-4.47817757178357,0.315822015026079,-4.59062679851932,-4.55452176819032
