ReactionID,ReactionName,ReactionSubSystem,minFluxWT,maxFluxWT,minFluxMUT,maxFluxMUT
CTPS_c,CTP synthase,CTP synthesis,0.000386611983930064,0.000437891365871378,0.000305685596957333,0.000375714559645961
Bio_opt,Light limiting biomass,biomass reaction,0.000429549779932115,0.000490422692917265,0.000339635568371776,0.000377373064857529
