ReactionID,ReactionName,ReactionSubSystem,minFluxWT,maxFluxWT,minFluxMUT,maxFluxMUT
CTPS_c,CTP synthase,CTP synthesis,0.000397260036479925,0.000445287276275953,0.000219062590540399,0.000381729533356447
Bio_opt,Light limiting biomass,biomass reaction,0.000441380423625533,0.000491211108762046,0.00024339206095329,0.000270435834392544
