ReactionID,ReactionName,ReactionSubSystem,minFluxWT,maxFluxWT,minFluxMUT,maxFluxMUT
CTPP_c,Nucleoside-triphosphatase,nucleotide metabolism,0.000177537248980296,0.000177537248980296,0.000149807269312131,0.000149807269312131
CDPR_c,Ribonucleoside-diphosphate reductase,nucleotide metabolism,0.000177537248980296,0.000177537248980296,0.000149807269312131,0.000149807269312131
dCDPK_c,Nucleoside-diphosphate kinase,nucleotide metabolism,0.000177537248980296,0.000177537248980296,0.000149807269312131,0.000149807269312131
Bio_opt,Light limiting biomass,biomass reaction,0.000439818780608174,0.000439818780608174,0.000371122403290222,0.000412358436989135
