ReactionID,ReactionName,ReactionSubSystem,IS_BD_FVA_WT,IS_BD_FVA_MUT,IS_BD_TVA_WT,IS_BD_TVA_Mut,minFlux_FVA_WT,maxFlux_FVA_WT,minFlux_FVA_Mut,maxFlux_FVA_Mut,minFlux_TVA_WT,maxFlux_TVA_WT,minFlux_TVA_Mut,maxFlux_TVA_Mut
Enol_c,Enolase,"gluconeogenesis, glycolysis",0,0,0,1,0.000914344641537051,0.00101593849059672,0.000914321542226096,0.00101591282469567,-95.8347195705929,-0.322669505824141,-100,1.64652347805214
PGAM_c,PGA mutase,"gluconeogenesis, glycolysis",0,0,0,1,0.000914344641537051,0.00101593849059672,0.000914321542226096,0.00101591282469567,-95.8347195705937,-0.322669505823988,-100,1.6465234780524
PGAK_c,PGA kinase,"gluconeogenesis, glycolysis",0,0,0,1,0.000914344641537051,0.00101593849059672,0.000914321542226096,0.00101591282469567,-8.06246904407631,-3.42366294654854,-20.4659751053119,0.556439158883667
GAPDH2_c,GAP dehydrogenase,"gluconeogenesis, glycolysis",0,0,0,1,0.000914344641537051,0.00101593849059672,0.000914321542226096,0.00101591282469567,3.42366294654855,8.06246904407658,-0.556439158882918,20.4659751053117
Tr_CO2h,CO2 diffusion,"transport",0,0,0,1,0.000914344641537051,0.00101593849059672,0.000914321542226096,0.00101591282469567,7.93852061110775,10.7395586396479,-0.428332495670437,12.1016477888096
Tr_H2Oh,H2O diffusion,"transport",0,0,0,1,0.000914344641537051,0.00101593849059672,0.000914321542226096,0.00101591282469567,5.01113236590819,100,-14.8579437971425,100
Tr_NH41,NH4 diffusion,"transport",0,0,0,1,0.000914344641537051,0.00101593849059672,0.000914321542226096,0.00101591282469567,0.0623001490409664,4.2211269010035,-1.47429140000009,16.0470034320136
