ReactionID,ReactionName,ReactionSubSystem,IS_BD_FVA_WT,IS_BD_FVA_MUT,IS_BD_TVA_WT,IS_BD_TVA_Mut,minFlux_FVA_WT,maxFlux_FVA_WT,minFlux_FVA_Mut,maxFlux_FVA_Mut,minFlux_TVA_WT,maxFlux_TVA_WT,minFlux_TVA_Mut,maxFlux_TVA_Mut
Enol_c,Enolase,"gluconeogenesis, glycolysis",0,0,0,1,0.000914344641537051,0.00101593849059672,0.000914344641537052,0.00101593849059672,-96.9993684971993,-0.190942385298193,-100,0.473277420688421
PGAM_c,PGA mutase,"gluconeogenesis, glycolysis",0,0,0,1,0.000914344641537051,0.00101593849059672,0.000914344641537052,0.00101593849059672,-96.9993684971996,-0.190942385298095,-100,0.473277420688421
AlaTA_x,Ala transaminase,"alanine synthesis",0,0,1,0,0.000914344641537051,0.00101593849059672,0.000914344641537052,0.00101593849059672,-100,4.05203845850994,0,8.43961268623738
AspAT_c,Asp aminotransferase,"aspartate synthesis",0,0,1,0,0.000914344641537051,0.00101593849059672,0.000914344641537052,0.00101593849059672,-99.926297354777,4.125741103734,0.0621908473530199,8.50180353358888
AspAT_x,Asp aminotransferase,"aspartate synthesis",0,0,1,0,0.000914344641537051,0.00101593849059672,0.000914344641537052,0.00101593849059672,-4.05203845851097,100,-8.43961268623543,0
Tr_H2Oh,H2O diffusion,"transport",0,0,0,1,0.000914344641537051,0.00101593849059672,0.000914344641537052,0.00101593849059672,3.82381144856648,100,-2.90957166164791,100
Tr_Pyr3,Pyr diffusion,"transport",0,0,1,0,0.000914344641537051,0.00101593849059672,0.000914344641537052,0.00101593849059672,-100,4.05203845851133,0,8.43961268623738
Tr_OAA,OAA diffusion,"transport",0,0,1,0,0.000914344641537051,0.00101593849059672,0.000914344641537052,0.00101593849059672,-4.05203845851155,100,-8.43961268623543,0
Tr_Asp,Asp diffusion,"transport",0,0,1,0,0.000914344641537051,0.00101593849059672,0.000914344641537052,0.00101593849059672,-100,4.05203845850949,0,8.43961268623562
