ReactionID,ReactionName,ReactionSubSystem,IS_BD_FVA_WT,IS_BD_FVA_MUT,IS_BD_TVA_WT,IS_BD_TVA_Mut,minFlux_FVA_WT,maxFlux_FVA_WT,minFlux_FVA_Mut,maxFlux_FVA_Mut,minFlux_TVA_WT,maxFlux_TVA_WT,minFlux_TVA_Mut,maxFlux_TVA_Mut
Enol_c,Enolase,"gluconeogenesis, glycolysis",0,0,0,1,0.000914344641537051,0.00101593849059672,0.000914321542226096,0.00101591282469567,-95.7630605539976,-0.330570189550172,-100,0.612233782173484
PGAM_c,PGA mutase,"gluconeogenesis, glycolysis",0,0,0,1,0.000914344641537051,0.00101593849059672,0.000914321542226096,0.00101591282469567,-95.7648666596299,-0.330570189550401,-100,0.612233782173605
Tr_H2Oh,H2O diffusion,"transport",0,0,0,1,0.000914344641537051,0.00101593849059672,0.000914321542226096,0.00101591282469567,5.08234508970094,100,-4.20343672181592,100
Tr_H2Om,H2O diffusion,"transport",0,0,0,1,0.000914344641537051,0.00101593849059672,0.000914321542226096,0.00101591282469567,-100,-0.0173808685585956,-100,8.2081926238342
Tr_NH41,NH4 diffusion,"transport",0,0,0,1,0.000914344641537051,0.00101593849059672,0.000914321542226096,0.00101591282469567,0.0753187205367234,4.17623922583391,-0.780546337459254,10.02955292612
