ReactionID,ReactionName,ReactionSubSystem,IS_BD_FVA_WT,IS_BD_FVA_MUT,IS_BD_TVA_WT,IS_BD_TVA_Mut,minFlux_FVA_WT,maxFlux_FVA_WT,minFlux_FVA_Mut,maxFlux_FVA_Mut,minFlux_TVA_WT,maxFlux_TVA_WT,minFlux_TVA_Mut,maxFlux_TVA_Mut
Enol_c,Enolase,"gluconeogenesis, glycolysis",0,0,0,1,0.000914344641537051,0.00101593849059672,0.000914344641537052,0.00101593849059672,-95.9884530369211,-0.338223001040001,-100,0.402159978524361
PGAM_c,PGA mutase,"gluconeogenesis, glycolysis",0,0,0,1,0.000914344641537051,0.00101593849059672,0.000914344641537052,0.00101593849059672,-95.9884530369217,-0.338223001040221,-100,0.402159978524416
AlaTA_m,Ala transaminase,"alanine synthesis",0,0,0,1,0.000914344641537051,0.00101593849059672,0.000914344641537052,0.00101593849059672,-3.42575304700678,0,-7.91114818116,100
Tr_H2Oh,H2O diffusion,"transport",0,0,0,1,0.000914344641537051,0.00101593849059672,0.000914344641537052,0.00101593849059672,4.85440620053701,100,-2.03994780497224,100
Tr_NH41,NH4 diffusion,"transport",0,0,0,1,0.000914344641537051,0.00101593849059672,0.000914344641537052,0.00101593849059672,0.0336486569950658,4.3199164547077,-0.630430696006144,8.66489191850806
