ReactionID,ReactionName,ReactionSubSystem,IS_BD_FVA_WT,IS_BD_FVA_MUT,IS_BD_TVA_WT,IS_BD_TVA_Mut,minFlux_FVA_WT,maxFlux_FVA_WT,minFlux_FVA_Mut,maxFlux_FVA_Mut,minFlux_TVA_WT,maxFlux_TVA_WT,minFlux_TVA_Mut,maxFlux_TVA_Mut
TPI_c,TP isomerase,"sucrose synthesis, gluconeogenesis, glycolysis",1,1,1,0,-990.870859499375,995.300930446182,-978.602603075155,993.46000669894,-0.000749830989195566,7.85207429752829,7.84486767214819,7.85241624070179
AspAT_x,Asp aminotransferase,"aspartate synthesis",1,1,1,0,-999.924182732589,1000,-999.750977542529,1000,-0.000249943618796183,0.0443265281616565,0.0432857333821954,0.044462133733868
GluSNADP_h,Glu synthase,"glutamate synthesis",1,1,1,0,-1000,1.26803302818237,-1000,3.14343744265185,-0.00150098849838542,0.00150006206426978,0,0.0050256337906471
GluDH1NADP_m,Glu dehydrogenase,"glutamate synthesis",1,1,1,0,-1000,6.99182060246414,-1000,7.82729839388543,-0.000750031827521092,7.15093591682742,7.14963984846615,7.15080548563501
Tr_DTC1B,Di-/ri-carboxylate carrier,"transport",1,1,1,0,-1000,1000,-1000,1000,-0.000750031609708435,0.0510649921639513,0.0496248273324478,0.0514069405058991
Tr_DTC3A,Di-/ri-carboxylate carrier,"transport",1,1,1,0,-1000,1000,-1000,1000,-12.8537184953375,0.000750031915819349,-5.70332902506311,-5.70143581575152
Tr_OAA,OAA diffusion,"transport",1,1,1,0,-1000,1000,-999.750977542529,1000,-0.000249943618796183,0.0443265283312491,0.0432857333825682,0.044462133733868
Tr_Asp,Asp diffusion,"transport",1,1,1,0,-1000,999.924182732589,-1000,999.750977542529,-0.0443265283596284,0.000250010491858355,-0.0443770302180722,-0.0417675540624737
