Genotype,mean_A,sd_A
Col0,8.33824310740741,0.402213986515019
ggt2,8.11728561111111,0.323437221311389
ggt1-1,6.91922047111111,0.789722663229027
ggt1-2,6.68782578888889,0.341753501313411
hpr1-1,5.56938633703704,0.612511850627261
hpr1-2,6.27191648333333,0.619688181484353
