Row,mean_DW,sd_DW
Col-0,0.059805,0.0128517651869715
PGLP,0.06173,0.0167354052676858
PsL,0.0475263157894737,0.0216409550545376
ggt1-1,0.021785,0.00809250953204973
ggt1-2,0.02734,0.011429205433542
ggt2,0.039878947368421,0.0179441596486733
gldt1-1,0.03858,0.0191965347750166
hpr1-1,0.0342,0.0165492135942538
hpr1-2,0.027875,0.0148342021231874
