ReactionID,ReactionName,ReactionSubSystem,minFluxWT,maxFluxWT,minFluxMUT,maxFluxMUT
AMPDA_c,AMP deaminase,GMP synthesis,9.26618415985366e-05,0.000125852128411137,5.10968099124609e-05,5.10968099124609e-05
IMPDH_c,IMP dehydrogenase,GMP synthesis,9.26618415985366e-05,0.000125852128411137,5.10968099124609e-05,5.10968099124609e-05
GMPS_c,GMP synthase,GMP synthesis,9.26618415985366e-05,0.000125852128411137,5.10968099124609e-05,5.10968099124609e-05
GMPK_c,guanylate kinase,nucleotide metabolism,9.26618415985366e-05,0.000125852128411137,5.10968099124609e-05,5.10968099124609e-05
Bio_opt,Light limiting biomass,biomass reaction,0.000119380359961542,0.000159311710949821,6.58302862861682e-05,7.3144973651298e-05
