ReactionID,ReactionName,ReactionSubSystem,minFluxWT,maxFluxWT,minFluxMUT,maxFluxMUT
GDPR_c,Ribonucleoside-diphosphate reductase,nucleotide metabolism,0.000159539083764572,0.000180399603271662,0.000134620280930614,0.000134620280930614
dGDPK_c,Nucleoside-diphosphate kinase,nucleotide metabolism,0.000159539083764572,0.000180399603271662,0.000134620280930614,0.000134620280930614
Bio_opt,Light limiting biomass,biomass reaction,0.000429549779932115,0.000490422692917265,0.000362457340757153,0.00040273058973017
