ReactionID,ReactionName,ReactionSubSystem,minFluxWT,maxFluxWT,minFluxMUT,maxFluxMUT
DHFR_c,Dihydrofolate reductase,THF recycling,6.48469080909708e-05,0.000113598287728827,5.46303949097762e-05,5.71245294938571e-05
UDPR_c,Ribonucleoside-diphosphate reductase,nucleotide metabolism,6.48469080909708e-05,0.000113598287728827,5.46303949097762e-05,5.71245294938571e-05
dUTPP_c,Deoxyuridine-triphosphatase,nucleotide metabolism,6.48469080909708e-05,0.000113598287728827,5.46303949097762e-05,5.71245294938571e-05
dTMPS_c,Thymidylate synthase,nucleotide metabolism,6.48469080909708e-05,0.000113598287728827,5.46303949097762e-05,5.71245294938571e-05
dTMPK_c,Thymidine monophosphate kinase,nucleotide metabolism,6.48469080909708e-05,0.000113598287728827,5.46303949097762e-05,5.71245294938571e-05
dTDPK_c,Nucleoside-diphosphate kinase,nucleotide metabolism,6.48469080909708e-05,0.000113598287728827,5.46303949097762e-05,5.71245294938571e-05
dUDPK_c,Nucleoside-diphosphate kinase,nucleotide metabolism,6.48469080909708e-05,0.000113598287728827,5.46303949097762e-05,5.71245294938571e-05
Bio_opt,Light limiting biomass,biomass reaction,9.35998442444342e-05,0.00015931171094982,7.88533579333096e-05,8.76150532592328e-05
