ReactionID,ReactionName,ReactionSubSystem,minFluxWT,maxFluxWT,minFluxMUT,maxFluxMUT
GDPR_c,Ribonucleoside-diphosphate reductase,nucleotide metabolism,0.000164196646114736,0.000183421914815078,0.000129826679698199,0.000129826679698199
dGDPK_c,Nucleoside-diphosphate kinase,nucleotide metabolism,0.000164196646114736,0.000183421914815078,0.000129826679698199,0.000129826679698199
Bio_opt,Light limiting biomass,biomass reaction,0.000442089997885758,0.000480652376761249,0.000349550845960526,0.00038839003995614
