ReactionID,ReactionName,ReactionSubSystem,minFluxWT,maxFluxWT,minFluxMUT,maxFluxMUT
CTPS_c,CTP synthase,CTP synthesis,0.000397260036479925,0.000445287276275953,0.000335211014423437,0.000335211014423437
Bio_opt,Light limiting biomass,biomass reaction,0.000441380423625533,0.000491211108762046,0.00037244012979805,0.000413822577553388
