ReactionID,ReactionName,ReactionSubSystem,minFluxWT,maxFluxWT,minFluxMUT,maxFluxMUT
CTPP_c,Nucleoside-triphosphatase,nucleotide metabolism,4.21923435472772e-05,6.58746601710154e-05,2.32662512998212e-05,2.32662512998212e-05
CDPR_c,Ribonucleoside-diphosphate reductase,nucleotide metabolism,4.21923435472772e-05,6.58746601710154e-05,2.32662512998212e-05,2.32662512998212e-05
dCDPK_c,Nucleoside-diphosphate kinase,nucleotide metabolism,4.21923435472772e-05,6.58746601710154e-05,2.32662512998212e-05,2.32662512998212e-05
Bio_opt,Light limiting biomass,biomass reaction,0.000104524460058656,0.00015931171094982,5.76382383684814e-05,6.40426981872016e-05
