ReactionID,ReactionName,ReactionSubSystem,minFluxWT,maxFluxWT,minFluxMUT,maxFluxMUT
GDPR_c,Ribonucleoside-diphosphate reductase,nucleotide metabolism,0.000164196646114736,0.000183733324664835,0.000129826679698199,0.000129826679698199
dGDPK_c,Nucleoside-diphosphate kinase,nucleotide metabolism,0.000164196646114736,0.000183733324664835,0.000129826679698199,0.000129826679698199
Bio_opt,Light limiting biomass,biomass reaction,0.000442089997885761,0.000490422692917266,0.000349550845960527,0.000388390039956141
