ReactionID,ReactionName,ReactionSubSystem,minFluxWT,maxFluxWT,minFluxMUT,maxFluxMUT
AMPDA_c,AMP deaminase,GMP synthesis,0.000111290541229917,0.00012453227046814,6.13693077767464e-05,6.39873513836355e-05
IMPDH_c,IMP dehydrogenase,GMP synthesis,0.000111290541229917,0.00012453227046814,6.13693077767464e-05,6.39873513836355e-05
GMPS_c,GMP synthase,GMP synthesis,0.000111290541229917,0.00012453227046814,6.13693077767464e-05,6.39873513836355e-05
GMPK_c,guanylate kinase,nucleotide metabolism,0.000111290541229917,0.00012453227046814,6.13693077767464e-05,6.39873513836355e-05
Bio_opt,Light limiting biomass,biomass reaction,0.000143380539854839,0.000159311710949822,7.90648008564223e-05,8.78499898404692e-05
