ReactionID,ReactionName,ReactionSubSystem,minFluxWT,maxFluxWT,minFluxMUT,maxFluxMUT
DHFR_c,Dihydrofolate reductase,THF recycling,8.50373223215364e-05,0.000112167781084673,7.16398674365367e-05,7.16398674365367e-05
UDPR_c,Ribonucleoside-diphosphate reductase,nucleotide metabolism,8.50373223215364e-05,0.000112167781084673,7.16398674365367e-05,7.16398674365367e-05
dUTPP_c,Deoxyuridine-triphosphatase,nucleotide metabolism,8.50373223215364e-05,0.000112167781084673,7.16398674365367e-05,7.16398674365367e-05
dTMPS_c,Thymidylate synthase,nucleotide metabolism,8.50373223215364e-05,0.000112167781084673,7.16398674365367e-05,7.16398674365367e-05
dTMPK_c,Thymidine monophosphate kinase,nucleotide metabolism,8.50373223215364e-05,0.000112167781084673,7.16398674365367e-05,7.16398674365367e-05
dTDPK_c,Nucleoside-diphosphate kinase,nucleotide metabolism,8.50373223215364e-05,0.000112167781084673,7.16398674365367e-05,7.16398674365367e-05
dUDPK_c,Nucleoside-diphosphate kinase,nucleotide metabolism,8.50373223215364e-05,0.000112167781084673,7.16398674365367e-05,7.16398674365367e-05
Bio_opt,Light limiting biomass,biomass reaction,0.000122742631199804,0.000159306737928634,0.000103404782604952,0.000114894414133712
