ReactionID,ReactionName,ReactionSubSystem,IS_BD_FVA_WT,IS_BD_FVA_MUT,IS_BD_TVA_WT,IS_BD_TVA_Mut,minFlux_FVA_WT,maxFlux_FVA_WT,minFlux_FVA_MUT,maxFlux_FVA_MUT,minFlux_WT,maxFlux_WT,minFlux_Mut,maxFlux_Mut
Enol_c,Enolase,"gluconeogenesis, glycolysis",0,0,0,1,8.2e-05,0.000164746782258928,8.2e-05,8.2e-05,-98.6504836013275,-0.115213473403916,-100,0.00471452276686501
PGAM_c,PGA mutase,"gluconeogenesis, glycolysis",0,0,0,1,8.2e-05,0.000164746782258928,8.2e-05,8.2e-05,-98.6504836013271,-0.115213473403905,-100,0.00471452276688367
Tr_H2Oh,H2O diffusion,"transport",0,0,0,1,8.2e-05,0.000164746782258928,8.2e-05,8.2e-05,1.62381978788233,100,-0.534970917575757,100
Tr_NH41,NH4 diffusion,"transport",0,0,0,1,8.2e-05,0.000164746782258928,8.2e-05,8.2e-05,0.0199717963949917,1.36990436767531,-0.192392273280571,2.79646935055769
Tr_Ala1,Ala diffusion,"transport",0,0,1,0,8.2e-05,0.000164746782258928,8.2e-05,8.2e-05,-1.06417290125009,0.134147783038814,1.38777878078145e-17,0.318311896080474
