ReactionID,ReactionName,ReactionSubSystem,IS_BD_FVA_WT,IS_BD_FVA_MUT,IS_BD_TVA_WT,IS_BD_TVA_Mut,minFlux_FVA_WT,maxFlux_FVA_WT,minFlux_FVA_MUT,maxFlux_FVA_MUT,minFlux_WT,maxFlux_WT,minFlux_Mut,maxFlux_Mut
Enol_c,Enolase,"gluconeogenesis, glycolysis",0,0,0,1,8.2e-05,0.000164746782258928,8.2e-05,8.2e-05,-98.6274712766521,-0.117833780832616,-100,0.00319262635383422
PGAM_c,PGA mutase,"gluconeogenesis, glycolysis",0,0,0,1,8.2e-05,0.000164746782258928,8.2e-05,8.2e-05,-98.6274712766539,-0.117833780832974,-100,0.00319262635391365
Tr_H2Oh,H2O diffusion,"transport",0,0,0,1,8.2e-05,0.000164746782258928,8.2e-05,8.2e-05,1.64728008893776,100,-0.522138867554173,100
Tr_H2Om,H2O diffusion,"transport",0,0,0,1,8.2e-05,0.000164746782258928,8.2e-05,8.2e-05,-2.33140152950521,-0.0047086331734278,-3.23368225678605,0.504115810994269
Tr_NH41,NH4 diffusion,"transport",0,0,0,1,8.2e-05,0.000164746782258928,8.2e-05,8.2e-05,0.0242606712438143,1.35511658373398,-0.189870523493004,2.77172302126472
