ReactionID,ReactionName,ReactionSubSystem,IS_BD_FVA_WT,IS_BD_FVA_MUT,IS_BD_TVA_WT,IS_BD_TVA_Mut,minFlux_FVA_WT,maxFlux_FVA_WT,minFlux_FVA_Mut,maxFlux_FVA_Mut,minFlux_TVA_WT,maxFlux_TVA_WT,minFlux_TVA_Mut,maxFlux_TVA_Mut
Enol_c,Enolase,"gluconeogenesis, glycolysis",0,0,0,1,0.000914344641537051,0.00101593849059672,0.000914344641537052,0.00101593849059672,-95.8347195705929,-0.322669505824141,-100,0.395148192230247
PGAM_c,PGA mutase,"gluconeogenesis, glycolysis",0,0,0,1,0.000914344641537051,0.00101593849059672,0.000914344641537052,0.00101593849059672,-95.8347195705937,-0.322669505823988,-100,0.395148192230327
Tr_H2Oh,H2O diffusion,"transport",0,0,0,1,0.000914344641537051,0.00101593849059672,0.000914344641537052,0.00101593849059672,5.01113236590819,100,-1.96771848292369,100
Tr_NH41,NH4 diffusion,"transport",0,0,0,1,0.000914344641537051,0.00101593849059672,0.000914344641537052,0.00101593849059672,0.0623001490409664,4.2211269010035,-0.625419922597835,8.62012153671212
