ReactionID,ReactionName,ReactionSubSystem,IS_BD_FVA_WT,IS_BD_FVA_MUT,IS_BD_TVA_WT,IS_BD_TVA_Mut,minFlux_FVA_WT,maxFlux_FVA_WT,minFlux_FVA_MUT,maxFlux_FVA_MUT,minFlux_WT,maxFlux_WT,minFlux_Mut,maxFlux_Mut
GABATA1_m,"GABA transaminase",glutamate degradation,0,0,1,0,8.2e-05,0.000164746782258928,8.2e-05,8.2e-05,-2.58540761727713,0.413101979242313,0.0275375627517863,0.41306804398773
Tr_BAT11,"B0,+-type amino acid transporter 1",transport,0,0,1,0,8.2e-05,0.000164746782258928,8.2e-05,8.2e-05,-0.220302364168513,2.58540761727792,-0.220302803369759,-0.0275375627517863
Tr_Pyr2,"Pyr diffusion",transport,0,0,1,0,8.2e-05,0.000164746782258928,8.2e-05,8.2e-05,-2.504612267026,0.804350806440906,0.0312523851539055,0.804291351541261
