ReactionID,ReactionName,ReactionSubSystem,IS_BD_FVA_WT,IS_BD_FVA_MUT,IS_BD_TVA_WT,IS_BD_TVA_Mut,minFlux_FVA_WT,maxFlux_FVA_WT,minFlux_FVA_MUT,maxFlux_FVA_MUT,minFlux_WT,maxFlux_WT,minFlux_Mut,maxFlux_Mut
Enol_c,"Enolase","gluconeogenesis, glycolysis",0,0,0,1,8.2e-05,0.000164746782258928,8.2e-05,8.2e-05,-100,-0.00354727962017753,-99.9915554553274,0.182814926595166
PGAM_c,"PGA mutase","gluconeogenesis, glycolysis",0,0,0,1,8.2e-05,0.000164746782258928,8.2e-05,8.2e-05,-100,-0.0035472796200753,-100,0.182814926595183
GABATA1_m,"GABA transaminase","glutamate degradation",0,0,1,0,8.2e-05,0.000164746782258928,8.2e-05,8.2e-05,-2.37551898828337,0.384289462161332,0.0155917031191706,0.879915860705853
Tr_BAT11,"B0,+-type amino acid transporter 1","transport",0,0,1,0,8.2e-05,0.000164746782258928,8.2e-05,8.2e-05,-0.206282168133189,2.37551898828464,-0.447753781912546,-0.0155917031192024
Tr_CO2h,"CO2 diffusion","transport",0,0,0,1,8.2e-05,0.000164746782258928,8.2e-05,8.2e-05,1.70520482599092,3.6248530120736,-0.618373972168876,4.00282269730461
Tr_Pyr2,"Pyr diffusion","transport",0,0,1,0,8.2e-05,0.000164746782258928,8.2e-05,8.2e-05,-2.29256043223316,0.756108894376705,0.0176950268067662,1.53055621719687
