ReactionID,ReactionName,ReactionSubSystem,IS_BD_FVA_WT,IS_BD_FVA_MUT,IS_BD_TVA_WT,IS_BD_TVA_Mut,minFlux_FVA_WT,maxFlux_FVA_WT,minFlux_FVA_MUT,maxFlux_FVA_MUT,minFlux_WT,maxFlux_WT,minFlux_Mut,maxFlux_Mut
Enol_c,"Enolase","gluconeogenesis, glycolysis",0,0,0,1,8.2e-05,0.000164746782258928,8.2e-05,8.2e-05,-99.4461170920949,-0.0626285798932804,-99.996461072704,0.0552803365378316
PGAM_c,"PGA mutase","gluconeogenesis, glycolysis",0,0,0,1,8.2e-05,0.000164746782258928,8.2e-05,8.2e-05,-99.4461170920967,-0.0626285798932834,-100,0.0552803365379295
GABATA1_m,"GABA transaminase","glutamate degradation",0,0,1,0,8.2e-05,0.000164746782258928,8.2e-05,8.2e-05,-1.55616013900305,0.271811759326598,0.0246320434553695,0.526616619114858
Tr_BAT11,"B0,+-type amino acid transporter 1","transport",0,0,1,0,8.2e-05,0.000164746782258928,8.2e-05,8.2e-05,-0.151482422028182,1.55616013900235,-0.27562433128469,-0.0246320434553994
Tr_H2Oh,"H2O diffusion","transport",0,0,0,1,8.2e-05,0.000164746782258928,8.2e-05,8.2e-05,0.812697857015515,100,-0.959685022086015,100
Tr_Pyr2,"Pyr diffusion","transport",0,0,1,0,8.2e-05,0.000164746782258928,8.2e-05,8.2e-05,-1.46475690530185,0.567783124916899,0.027954910757147,0.994410402015538
