ReactionID,ReactionName,ReactionSubSystem,IS_BD_FVA_WT,IS_BD_FVA_MUT,IS_BD_TVA_WT,IS_BD_TVA_Mut,minFlux_FVA_WT,maxFlux_FVA_WT,minFlux_FVA_MUT,maxFlux_FVA_MUT,minFlux_WT,maxFlux_WT,minFlux_Mut,maxFlux_Mut
Enol_c,Enolase,"gluconeogenesis, glycolysis",0,0,0,1,8.2e-05,0.000164746782258928,8.2e-05,8.2e-05,-98.937525287772,-0.0871514224658445,-100,0.0141804719247671
PGAM_c,PGA mutase,"gluconeogenesis, glycolysis",0,0,0,1,8.2e-05,0.000164746782258928,8.2e-05,8.2e-05,-98.9380981181487,-0.0871514224658688,-100,0.0141804719247558
Tr_H2Oh,H2O diffusion,"transport",0,0,0,1,8.2e-05,0.000164746782258928,8.2e-05,8.2e-05,1.33060633603562,100,-0.604892814201557,100
Tr_Ala1,Ala diffusion,"transport",0,0,0,1,8.2e-05,0.000164746782258928,8.2e-05,8.2e-05,2.09500472525548e-12,0.15800758598844,-2.6874425636387,0.336830984656099
