ReactionID,ReactionName,ReactionSubSystem,IS_BD_FVA_WT,IS_BD_FVA_MUT,IS_BD_TVA_WT,IS_BD_TVA_Mut,minFlux_FVA_WT,maxFlux_FVA_WT,minFlux_FVA_Mut,maxFlux_FVA_Mut,minFlux_TVA_WT,maxFlux_TVA_WT,minFlux_TVA_Mut,maxFlux_TVA_Mut
Enol_c,Enolase,"gluconeogenesis, glycolysis",0,0,0,1,0.000914344641537051,0.00101593849059672,0.000914321542226096,0.00101591282469567,-95.7648666596278,-0.363681752109779,-100,1.64271126089851
PGAM_c,PGA mutase,"gluconeogenesis, glycolysis",0,0,0,1,0.000914344641537051,0.00101593849059672,0.000914321542226096,0.00101591282469567,-95.7648666596305,-0.363681752110085,-100,1.64271126089861
PGAK_c,PGA kinase,"gluconeogenesis, glycolysis",0,0,0,1,0.000914344641537051,0.00101593849059672,0.000914321542226096,0.00101591282469567,-8.0180152887477,-3.44064994976475,-20.4414615279368,0.551592184149766
GAPDH2_c,GAP dehydrogenase,"gluconeogenesis, glycolysis",0,0,0,1,0.000914344641537051,0.00101593849059672,0.000914321542226096,0.00101591282469567,3.44064994976421,8.01801528874764,-0.551592184149158,20.4414615279379
AlaTA_m,Ala transaminase,"alanine synthesis",0,0,0,1,0.000914344641537051,0.00101593849059672,0.000914321542226096,0.00101591282469567,-3.27745837233521,0,-15.531250748856,100
Tr_CO2h,CO2 diffusion,"transport",0,0,0,1,0.000914344641537051,0.00101593849059672,0.000914321542226096,0.00101591282469567,7.9685084309618,10.7329744402116,-0.411796532010005,12.0989568444237
Tr_H2Oh,H2O diffusion,"transport",0,0,0,1,0.000914344641537051,0.00101593849059672,0.000914321542226096,0.00101591282469567,5.08234508969907,100,-14.8186730833357,100
Tr_H2Om,H2O diffusion,"transport",0,0,0,1,0.000914344641537051,0.00101593849059672,0.000914321542226096,0.00101591282469567,-7.23269014011972,-0.0173808685569108,-100,16.2241584843669
Tr_NH41,NH4 diffusion,"transport",0,0,0,1,0.000914344641537051,0.00101593849059672,0.000914321542226096,0.00101591282469567,0.075318720536931,4.17623922583668,-1.47182654409631,16.0268688431668
