ReactionID,ReactionName,ReactionSubSystem,IS_BD_FVA_WT,IS_BD_FVA_MUT,IS_BD_TVA_WT,IS_BD_TVA_Mut,minFlux_FVA_WT,maxFlux_FVA_WT,minFlux_FVA_MUT,maxFlux_FVA_MUT,minFlux_WT,maxFlux_WT,minFlux_Mut,maxFlux_Mut
Enol_c,"Enolase","gluconeogenesis, glycolysis",0,0,0,1,8.2e-05,0.000164746782258928,8.2e-05,8.2e-05,-99.4461170920949,-0.0626285798932804,-100,0.160869990198361
PGAM_c,"PGA mutase","gluconeogenesis, glycolysis",0,0,0,1,8.2e-05,0.000164746782258928,8.2e-05,8.2e-05,-99.4461170920967,-0.0626285798932834,-100,0.160869990198409
GABATA1_m,"GABA transaminase","glutamate degradation",0,0,1,0,8.2e-05,0.000164746782258928,8.2e-05,8.2e-05,-1.55616013900305,0.271811759326598,0.0171788462412081,0.817889826235969
Tr_BAT11,"B0,+-type amino acid transporter 1","transport",0,0,1,0,8.2e-05,0.000164746782258928,8.2e-05,8.2e-05,-0.151482422028182,1.55616013900235,-0.417534336238491,-0.0171788462412377
Tr_CO2h,"CO2 diffusion","transport",0,0,0,1,8.2e-05,0.000164746782258928,8.2e-05,8.2e-05,2.23250842040799,3.53905293954046,-0.327596170761161,3.95556277222153
Tr_H2Oh,"H2O diffusion","transport",0,0,0,1,8.2e-05,0.000164746782258928,8.2e-05,8.2e-05,0.812697857015515,100,-1.95439680286571,100
Tr_Pyr2,"Pyr diffusion","transport",0,0,1,0,8.2e-05,0.000164746782258928,8.2e-05,8.2e-05,-1.46475690530185,0.567783124916899,0.0194962758349106,1.43666982183475
