ReactionID,ReactionName,ReactionSubSystem,IS_BD_FVA_WT,IS_BD_FVA_MUT,IS_BD_TVA_WT,IS_BD_TVA_Mut,minFlux_FVA_WT,maxFlux_FVA_WT,minFlux_FVA_Mut,maxFlux_FVA_Mut,minFlux_TVA_WT,maxFlux_TVA_WT,minFlux_TVA_Mut,maxFlux_TVA_Mut
Enol_c,Enolase,"gluconeogenesis, glycolysis",0,0,0,1,0.000914344641537051,0.00101593849059672,0.000914344641537052,0.00101593849059672,-95.7648666596278,-0.363681752109779,-100,0.383488570105566
PGAM_c,PGA mutase,"gluconeogenesis, glycolysis",0,0,0,1,0.000914344641537051,0.00101593849059672,0.000914344641537052,0.00101593849059672,-95.7648666596305,-0.363681752110085,-100,0.383488570105828
AlaTA_m,Ala transaminase,"alanine synthesis",0,0,0,1,0.000914344641537051,0.00101593849059672,0.000914344641537052,0.00101593849059672,-3.27745837233521,0,-7.78601598281962,100
Tr_H2Oh,H2O diffusion,"transport",0,0,0,1,0.000914344641537051,0.00101593849059672,0.000914344641537052,0.00101593849059672,5.08234508969907,100,-1.84761119982537,100
Tr_H2Om,H2O diffusion,"transport",0,0,0,1,0.000914344641537051,0.00101593849059672,0.000914344641537052,0.00101593849059672,-7.23269014011972,-0.0173808685569108,-100,6.12146620513365
Tr_NH41,NH4 diffusion,"transport",0,0,0,1,0.000914344641537051,0.00101593849059672,0.000914344641537052,0.00101593849059672,0.075318720536931,4.17623922583668,-0.617087705664936,8.54365204204028
