ReactionID,ReactionName,ReactionSubSystem,IS_BD_FVA_WT,IS_BD_FVA_MUT,IS_BD_TVA_WT,IS_BD_TVA_Mut,minFlux_FVA_WT,maxFlux_FVA_WT,minFlux_FVA_MUT,maxFlux_FVA_MUT,minFlux_WT,maxFlux_WT,minFlux_Mut,maxFlux_Mut
GABATA1_m,"GABA transaminase",glutamate degradation,0,0,1,0,8.2e-05,0.000164746782258928,8.2e-05,8.2e-05,-3.56094411133273,0.54698850804772,0.0132954695062892,0.969653366571474
Tr_BAT11,"B0,+-type amino acid transporter 1",transport,0,0,1,0,8.2e-05,0.000164746782258928,8.2e-05,8.2e-05,-0.28556488513427,3.56094411133095,-0.491474418038778,-0.0132954695063136
Tr_CO2h,"CO2 diffusion",transport,0,0,0,1,8.2e-05,0.000164746782258928,8.2e-05,8.2e-05,0.94231695476917,3.74889461656372,-1.03906304059444,4.07134179899849
Tr_Pyr2,"Pyr diffusion",transport,0,0,1,0,8.2e-05,0.000164746782258928,8.2e-05,8.2e-05,-3.49020307517651,1.02666727327409,0.0150890308469513,1.66638838874432
Si_H,"Proton sink/source for charge balancing of im-/export",im-/export,0,0,0,1,8.2e-05,0.000164746782258928,8.2e-05,8.2e-05,-4.16029172536122,-0.39013250664867,-5.41008501414462,0.0991260117724607
