ReactionID,ReactionName,ReactionSubSystem,IS_BD_FVA_WT,IS_BD_FVA_MUT,IS_BD_TVA_WT,IS_BD_TVA_Mut,minFlux_FVA_WT,maxFlux_FVA_WT,minFlux_FVA_MUT,maxFlux_FVA_MUT,minFlux_WT,maxFlux_WT,minFlux_Mut,maxFlux_Mut
Enol_c,Enolase,"gluconeogenesis, glycolysis",0,0,0,1,8.2e-05,0.000164746782258928,8.2e-05,8.2e-05,-98.626443240982,-0.117950838520373,-100,0.00391412936515323
PGAM_c,PGA mutase,"gluconeogenesis, glycolysis",0,0,0,1,8.2e-05,0.000164746782258928,8.2e-05,8.2e-05,-98.62644324098,-0.117950838520121,-100,0.003914129365159
Tr_H2Oh,H2O diffusion,"transport",0,0,0,1,8.2e-05,0.000164746782258928,8.2e-05,8.2e-05,1.64832813717871,100,-0.528637642505894,100
Tr_H2Om,H2O diffusion,"transport",0,0,0,1,8.2e-05,0.000164746782258928,8.2e-05,8.2e-05,-2.33098076096284,-0.005637038431533,-3.24115459141083,0.506133305691472
Tr_NH41,NH4 diffusion,"transport",0,0,0,1,8.2e-05,0.000164746782258928,8.2e-05,8.2e-05,0.0245254869577527,1.35445596514876,-0.191066038542412,2.78345479942734
