ReactionID,ReactionName,ReactionSubSystem,IS_BD_FVA_WT,IS_BD_FVA_MUT,IS_BD_TVA_WT,IS_BD_TVA_Mut,minFlux_FVA_WT,maxFlux_FVA_WT,minFlux_FVA_MUT,maxFlux_FVA_MUT,minFlux_WT,maxFlux_WT,minFlux_Mut,maxFlux_Mut
Enol_c,"Enolase","gluconeogenesis, glycolysis",0,0,0,1,8.2e-05,0.000164746782258928,8.2e-05,8.2e-05,-98.626443240982,-0.117950838520373,-100,0.0327845044714535
PGAM_c,"PGA mutase","gluconeogenesis, glycolysis",0,0,0,1,8.2e-05,0.000164746782258928,8.2e-05,8.2e-05,-98.62644324098,-0.117950838520121,-100,0.032784504471503
GABATA1_m,"GABA transaminase","glutamate degradation",0,0,1,0,8.2e-05,0.000164746782258928,8.2e-05,8.2e-05,-1.00939731141547,0.196754747498009,0.026150656746978,0.467235669024225
Tr_BAT11,"B0,+-type amino acid transporter 1","transport",0,0,1,0,8.2e-05,0.000164746782258928,8.2e-05,8.2e-05,-0.114914239286448,1.00939731141553,-0.246709703972697,-0.0261506567470037
Tr_H2Oh,"H2O diffusion","transport",0,0,0,1,8.2e-05,0.000164746782258928,8.2e-05,8.2e-05,1.64832813717871,100,-0.757009245745144,100
Tr_H2Om,"H2O diffusion","transport",0,0,0,1,8.2e-05,0.000164746782258928,8.2e-05,8.2e-05,-2.33098076096284,-0.005637038431533,-3.54026319530139,0.586825037316639
Tr_NH41,"NH4 diffusion","transport",0,0,0,1,8.2e-05,0.000164746782258928,8.2e-05,8.2e-05,0.0245254869577527,1.35445596514876,-0.238899531980221,1.61452161561371
Tr_Pyr2,"Pyr diffusion","transport",0,0,1,0,8.2e-05,0.000164746782258928,8.2e-05,8.2e-05,-0.912358896213555,0.433692863410037,0.0296783852678403,0.895041825321673
