ReactionID,ReactionName,ReactionSubSystem,IS_BD_FVA_WT,IS_BD_FVA_MUT,IS_BD_TVA_WT,IS_BD_TVA_Mut,minFlux_FVA_WT,maxFlux_FVA_WT,minFlux_FVA_MUT,maxFlux_FVA_MUT,minFlux_WT,maxFlux_WT,minFlux_Mut,maxFlux_Mut
PGAK_c,PGA kinase,"gluconeogenesis, glycolysis",0,0,0,1,8.2e-05,0.000164746782258928,8.2e-05,8.2e-05,-5.71912275862544,-0.00105987663924711,-6.63502291114487,0.155059761672751
GAPDH2_c,GAP dehydrogenase,"gluconeogenesis, glycolysis",0,0,0,1,8.2e-05,0.000164746782258928,8.2e-05,8.2e-05,0.00105987663917251,5.71912275862361,-0.155059761672686,6.63502291114549
Tr_CO2h,CO2 diffusion,"transport",0,0,0,1,8.2e-05,0.000164746782258928,8.2e-05,8.2e-05,0.480640940045115,3.82410761861883,-0.137188599609895,3.92463759769873
