ReactionID,ReactionName,ReactionSubSystem,IS_BD_FVA_WT,IS_BD_FVA_MUT,IS_BD_TVA_WT,IS_BD_TVA_Mut,minFlux_FVA_WT,maxFlux_FVA_WT,minFlux_FVA_MUT,maxFlux_FVA_MUT,minFlux_WT,maxFlux_WT,minFlux_Mut,maxFlux_Mut
GABATA1_m,"GABA transaminase",glutamate degradation,0,0,1,0,8.2e-05,0.000164746782258928,8.2e-05,8.2e-05,-2.58540761727713,0.413101979242313,0.0151851373095866,0.895804575825018
Tr_BAT11,"B0,+-type amino acid transporter 1",transport,0,0,1,0,8.2e-05,0.000164746782258928,8.2e-05,8.2e-05,-0.220302364168513,2.58540761727792,-0.455494856567341,-0.0151851373096138
Tr_CO2h,"CO2 diffusion",transport,0,0,0,1,8.2e-05,0.000164746782258928,8.2e-05,8.2e-05,1.57012966497674,3.64683173312744,-0.692860205071284,4.01500322714916
Tr_Pyr2,"Pyr diffusion",transport,0,0,1,0,8.2e-05,0.000164746782258928,8.2e-05,8.2e-05,-2.504612267026,0.804350806440906,0.0172336151928505,1.55460634715034
Si_H,"Proton sink/source for charge balancing of im-/export",im-/export,0,0,0,1,8.2e-05,0.000164746782258928,8.2e-05,8.2e-05,-3.76382223937925,-0.569052101220232,-5.19124633631718,0.0144379599682713
