ReactionID,ReactionName,ReactionSubSystem,minFluxWT,maxFluxWT,minFluxMUT,maxFluxMUT
CTPP_c,Nucleoside-triphosphatase,nucleotide metabolism,0.000177117585371499,0.000197718160219364,0.000149453153899376,0.000149453153899376
CDPR_c,Ribonucleoside-diphosphate reductase,nucleotide metabolism,0.000177117585371499,0.000197718160219364,0.000149453153899376,0.000149453153899376
dCDPK_c,Nucleoside-diphosphate kinase,nucleotide metabolism,0.000177117585371499,0.000197718160219364,0.000149453153899376,0.000149453153899376
Bio_opt,Light limiting biomass,biomass reaction,0.000438779134349476,0.000438779134349476,0.000370245141701868,0.000411383701890964
