ReactionID,ReactionName,ReactionSubSystem,minFluxWT,maxFluxWT,minFluxMUT,maxFluxMUT
GDPK_c,Nucleoside-diphosphate kinase,nucleotide metabolism,0.000177467899560246,0.00020034612648534,0.000140319967813493,0.000140319967813493
Bio_opt,Light limiting biomass,biomass reaction,0.000438430504373383,0.00049121110876195,0.000346657364033532,0.000385175060037258
