ReactionID,ReactionName,ReactionSubSystem,minFluxWT,maxFluxWT,minFluxMUT,maxFluxMUT
DAHPS_h,DAHP synthase,Shikimate pathway,0.0486351746847333,0.309906774066274,0.0384547617238695,0.0384547617238695
DHQS_h,DHQ synthase,Shikimate pathway,0.0486351746847333,0.309906774066274,0.0384547617238695,0.0384547617238695
DHQDH_h,DHQ dehydratase,Shikimate pathway,0.0486351746847333,0.309906774066274,0.0384547617238695,0.0384547617238695
SADH_h,SA dehydrogenase,Shikimate pathway,0.0486351746847333,0.309906774066274,0.0384547617238695,0.0384547617238695
Bio_opt,Light limiting biomass,biomass reaction,0.000371427564210064,0.000482788544166324,0.000293679596546747,0.00032631087394083
