ReactionID,ReactionName,ReactionSubSystem,IS_BD_FVA_WT,IS_BD_FVA_MUT,IS_BD_TVA_WT,IS_BD_TVA_Mut,minFlux_FVA_WT,maxFlux_FVA_WT,minFlux_FVA_Mut,maxFlux_FVA_Mut,minFlux_TVA_WT,maxFlux_TVA_WT,minFlux_TVA_Mut,maxFlux_TVA_Mut
Enol_c,"Enolase","gluconeogenesis, glycolysis",0,0,0,1,0.0004,0.00101593849059672,0.0004,0.00101591282469567,-96.08551869848,-0.326569296411365,-100,0.456685853299305
PGAM_c,"PGA mutase","gluconeogenesis, glycolysis",0,0,0,1,0.0004,0.00101593849059672,0.0004,0.00101591282469567,-96.0907993614861,-0.326569296411408,-100,0.456685853299323
GABATA1_m,"GABA transaminase","glutamate degradation",0,0,1,0,0.0004,0.00101593849059672,0.0004,0.00101591282469567,-3.3297215411271,0.636505921102575,0.0558126041288176,2.41066324159461
Tr_BAT11,"B0,+-type amino acid transporter 1","transport",0,0,1,0,0.0004,0.00101593849059672,0.0004,0.00101591282469567,-0.368859769207045,3.32972154112673,-1.23323792286178,-0.0558126041288522
Tr_CO2h,"CO2 diffusion","transport",0,0,0,1,0.0004,0.00101593849059672,0.0004,0.00101591282469567,7.82859080742972,10.7583106868017,-0.488953106287968,12.1115127531497
Tr_H2Oh,"H2O diffusion","transport",0,0,0,1,0.0004,0.00101593849059672,0.0004,0.00101591282469567,4.7500675202781,100,-5.64642743752801,100
Tr_NH41,"NH4 diffusion","transport",0,0,0,1,0.0004,0.00101593849059672,0.0004,0.00101591282469567,0.0146494576463541,4.38568448797131,-1.39871691892613,7.40330511887196
Tr_Pyr2,"Pyr diffusion","transport",0,0,1,0,0.0004,0.00101593849059672,0.0004,0.00101591282469567,-3.03276051793649,1.39598266952905,0.0633417349385894,4.26146774833986
