ReactionID,ReactionName,ReactionSubSystem,IS_BD_FVA_WT,IS_BD_FVA_MUT,IS_BD_TVA_WT,IS_BD_TVA_Mut,minFlux_FVA_WT,maxFlux_FVA_WT,minFlux_FVA_Mut,maxFlux_FVA_Mut,minFlux_TVA_WT,maxFlux_TVA_WT,minFlux_TVA_Mut,maxFlux_TVA_Mut
Enol_c,Enolase,"gluconeogenesis, glycolysis",0,0,0,1,0.0004,0.00101593849059672,0.0004,0.00101593849059672,-96.08551869848,-0.326569296411365,-100,0.0229192722304958
PGAM_c,PGA mutase,"gluconeogenesis, glycolysis",0,0,0,1,0.0004,0.00101593849059672,0.0004,0.00101593849059672,-96.0907993614861,-0.326569296411408,-100,0.0229192722304008
Tr_H2Oh,H2O diffusion,"transport",0,0,0,1,0.0004,0.00101593849059672,0.0004,0.00101593849059672,4.7500675202781,100,-1.71582448102326,100
Tr_NH41,NH4 diffusion,"transport",0,0,0,1,0.0004,0.00101593849059672,0.0004,0.00101593849059672,0.0146494576463541,4.38568448797131,-0.607099674279619,8.75875354904429
