ReactionID,ReactionName,ReactionSubSystem,IS_BD_FVA_WT,IS_BD_FVA_MUT,IS_BD_TVA_WT,IS_BD_TVA_Mut,minFlux_FVA_WT,maxFlux_FVA_WT,minFlux_FVA_Mut,maxFlux_FVA_Mut,minFlux_TVA_WT,maxFlux_TVA_WT,minFlux_TVA_Mut,maxFlux_TVA_Mut
Enol_c,"Enolase","gluconeogenesis, glycolysis",0,0,0,1,0.0004,0.00101593849059672,0.0004,0.00101591282469567,-95.8360737454009,-0.355573729192948,-100,0.103309848732942
PGAM_c,"PGA mutase","gluconeogenesis, glycolysis",0,0,0,1,0.0004,0.00101593849059672,0.0004,0.00101591282469567,-95.8360737454012,-0.35557372919293,-100,0.103309848732795
GABATA1_m,"GABA transaminase","glutamate degradation",0,0,1,0,0.0004,0.00101593849059672,0.0004,0.00101591282469567,-3.15980700997595,0.613180858880019,0.080499314017059,1.44589913354896
Tr_DTC1A,"Di-/ri-carboxylate carrier","transport",0,0,0,1,0.0004,0.00101593849059672,0.0004,0.00101591282469567,-100,-100,-100,100
Tr_BAT11,"B0,+-type amino acid transporter 1","transport",0,0,1,0,0.0004,0.00101593849059672,0.0004,0.00101591282469567,-0.357495672541841,3.15980700997663,-0.763148305514513,-0.080499314017059
Tr_H2Oh,"H2O diffusion","transport",0,0,0,1,0.0004,0.00101593849059672,0.0004,0.00101591282469567,5.00975182964944,100,-2.35171237111235,100
Tr_NH41,"NH4 diffusion","transport",0,0,0,1,0.0004,0.00101593849059672,0.0004,0.00101591282469567,0.0621234222976206,4.22199709750673,-0.740292517313017,4.99099499423721
Tr_Pyr2,"Pyr diffusion","transport",0,0,1,0,0.0004,0.00101593849059672,0.0004,0.00101591282469567,-2.8610947718627,1.35005771886406,0.0913586866406869,2.76816332921579
