ReactionID,ReactionName,ReactionSubSystem,IS_BD_FVA_WT,IS_BD_FVA_MUT,IS_BD_TVA_WT,IS_BD_TVA_Mut,minFlux_FVA_WT,maxFlux_FVA_WT,minFlux_FVA_Mut,maxFlux_FVA_Mut,minFlux_TVA_WT,maxFlux_TVA_WT,minFlux_TVA_Mut,maxFlux_TVA_Mut
Enol_c,"Enolase","gluconeogenesis, glycolysis",0,0,0,1,0.0004,0.00101593849059672,0.0004,0.00101591282469567,-96.2473019772183,-0.308749064320162,-100,0.459481869469167
PGAM_c,"PGA mutase","gluconeogenesis, glycolysis",0,0,0,1,0.0004,0.00101593849059672,0.0004,0.00101591282469567,-96.2473019772185,-0.308749064320143,-100,0.45948186946902
GABATA1_m,"GABA transaminase","glutamate degradation",0,0,1,0,0.0004,0.00101593849059672,0.0004,0.00101591282469567,-3.43411649356785,0.650836765821225,0.0556103853685244,2.41856601206466
Tr_BAT11,"B0,+-type amino acid transporter 1","transport",0,0,1,0,0.0004,0.00101593849059672,0.0004,0.00101591282469567,-0.375841834383427,3.43411649356754,-1.23708819871653,-0.0556103853685557
Tr_CO2h,"CO2 diffusion","transport",0,0,0,1,0.0004,0.00101593849059672,0.0004,0.00101591282469567,7.76140677236525,10.7688597878395,-0.52600126262865,12.117541704977
Tr_H2Oh,"H2O diffusion","transport",0,0,0,1,0.0004,0.00101593849059672,0.0004,0.00101591282469567,4.59051829902287,100,-5.67341577251805,100
Tr_Pyr2,"Pyr diffusion","transport",0,0,1,0,0.0004,0.00101593849059672,0.0004,0.00101591282469567,-3.13823141130563,1.42419881448122,0.0631122368294115,4.27342986455667
