ReactionID,ReactionName,ReactionSubSystem,IS_BD_FVA_WT,IS_BD_FVA_MUT,IS_BD_TVA_WT,IS_BD_TVA_Mut,minFlux_FVA_WT,maxFlux_FVA_WT,minFlux_FVA_Mut,maxFlux_FVA_Mut,minFlux_TVA_WT,maxFlux_TVA_WT,minFlux_TVA_Mut,maxFlux_TVA_Mut
GABATA1_m,"GABA transaminase",glutamate degradation,0,0,1,0,0.0004,0.00101593849059672,0.0004,0.00101591282469567,-8.25934292863109,1.31322100143389,0.0663355438476998,1.99942356656787
Tr_BAT11,"B0,+-type amino acid transporter 1",transport,0,0,1,0,0.0004,0.00101593849059672,0.0004,0.00101591282469567,-0.698505955536732,8.25934292862891,-1.03287955520777,-0.0663355438477347
Tr_Pyr2,"Pyr diffusion",transport,0,0,1,0,0.0004,0.00101593849059672,0.0004,0.00101591282469567,-8.01318878155875,2.54620111851183,0.0752842212076388,3.63899025081624
