ReactionID,ReactionName,ReactionSubSystem,IS_BD_FVA_WT,IS_BD_FVA_MUT,IS_BD_TVA_WT,IS_BD_TVA_Mut,minFlux_FVA_WT,maxFlux_FVA_WT,minFlux_FVA_Mut,maxFlux_FVA_Mut,minFlux_TVA_WT,maxFlux_TVA_WT,minFlux_TVA_Mut,maxFlux_TVA_Mut
Enol_c,Enolase,"gluconeogenesis, glycolysis",0,0,0,1,0.0004,0.00101593849059672,0.0004,0.00101593849059672,-96.2473019772183,-0.308749064320162,-100,0.0281298289433343
PGAM_c,PGA mutase,"gluconeogenesis, glycolysis",0,0,0,1,0.0004,0.00101593849059672,0.0004,0.00101593849059672,-96.2473019772185,-0.308749064320143,-100,0.0281298289434533
Tr_H2Oh,H2O diffusion,"transport",0,0,0,1,0.0004,0.00101593849059672,0.0004,0.00101593849059672,4.59051829902287,100,-1.75705406744512,100
