ReactionID,ReactionName,ReactionSubSystem,IS_BD_FVA_WT,IS_BD_FVA_MUT,IS_BD_TVA_WT,IS_BD_TVA_Mut,minFlux_FVA_WT,maxFlux_FVA_WT,minFlux_FVA_Mut,maxFlux_FVA_Mut,minFlux_TVA_WT,maxFlux_TVA_WT,minFlux_TVA_Mut,maxFlux_TVA_Mut
Enol_c,"Enolase","gluconeogenesis, glycolysis",0,0,0,1,0.0004,0.00101593849059672,0.0004,0.00101591282469567,-96.1251196857158,-0.322661399151137,-100,0.457299007150246
PGAM_c,"PGA mutase","gluconeogenesis, glycolysis",0,0,0,1,0.0004,0.00101593849059672,0.0004,0.00101591282469567,-96.1251196857136,-0.322661399151116,-100,0.457299007150256
GABATA1_m,"GABA transaminase","glutamate degradation",0,0,1,0,0.0004,0.00101593849059672,0.0004,0.00101591282469567,-3.37014179156887,0.639648611306072,0.0557682584583858,2.41232573359674
Tr_BAT11,"B0,+-type amino acid transporter 1","transport",0,0,1,0,0.0004,0.00101593849059672,0.0004,0.00101591282469567,-0.370390904897881,3.37014179156834,-1.23408227115004,-0.0557682584584186
Tr_CO2h,"CO2 diffusion","transport",0,0,0,1,0.0004,0.00101593849059672,0.0004,0.00101591282469567,7.81385764877998,10.7603241700535,-0.497077601407949,12.1128348753423
Tr_H2Oh,"H2O diffusion","transport",0,0,0,1,0.0004,0.00101593849059672,0.0004,0.00101591282469567,4.71507908907004,100,-5.65234585878319,100
Tr_NH41,"NH4 diffusion","transport",0,0,0,1,0.0004,0.00101593849059672,0.0004,0.00101591282469567,0.00825307755506621,4.40773882392637,-1.39984767882896,7.4076384427626
Tr_Pyr2,"Pyr diffusion","transport",0,0,1,0,0.0004,0.00101593849059672,0.0004,0.00101591282469567,-3.05588981351137,1.40217034402091,0.063291407028828,4.26409098696867
Tr_Ala1,"Ala diffusion","transport",0,0,1,0,0.0004,0.00101593849059672,0.0004,0.00101591282469567,-3.47127499006106,0.437358864404095,0,1.17827873756916
