ReactionID,ReactionName,ReactionSubSystem,IS_BD_FVA_WT,IS_BD_FVA_MUT,IS_BD_TVA_WT,IS_BD_TVA_Mut,minFlux_FVA_WT,maxFlux_FVA_WT,minFlux_FVA_Mut,maxFlux_FVA_Mut,minFlux_TVA_WT,maxFlux_TVA_WT,minFlux_TVA_Mut,maxFlux_TVA_Mut
Enol_c,"Enolase","gluconeogenesis, glycolysis",0,0,0,1,0.0004,0.00101593849059672,0.0004,0.00101591282469567,-96.1882479593662,-0.315473273363539,-100,0.11407541188171
PGAM_c,"PGA mutase","gluconeogenesis, glycolysis",0,0,0,1,0.0004,0.00101593849059672,0.0004,0.00101591282469567,-96.1882479593686,-0.315473273363329,-100,0.114075411881827
GABATA1_m,"GABA transaminase","glutamate degradation",0,0,1,0,0.0004,0.00101593849059672,0.0004,0.00101591282469567,-3.3947245552549,0.645429227066116,0.0798468393265637,1.47139804229915
Tr_BAT11,"B0,+-type amino acid transporter 1","transport",0,0,1,0,0.0004,0.00101593849059672,0.0004,0.00101591282469567,-0.373207252209678,3.39472455525291,-0.775571935254507,-0.0798468393265854
Tr_H2Oh,"H2O diffusion","transport",0,0,0,1,0.0004,0.00101593849059672,0.0004,0.00101591282469567,4.65072190977819,100,-2.43879235069939,100
Tr_Pyr2,"Pyr diffusion","transport",0,0,1,0,0.0004,0.00101593849059672,0.0004,0.00101591282469567,-3.09843348211167,1.41355185679396,0.0906181929915704,2.81103541504438
