ReactionID,ReactionName,ReactionSubSystem,IS_BD_FVA_WT,IS_BD_FVA_MUT,IS_BD_TVA_WT,IS_BD_TVA_Mut,minFlux_FVA_WT,maxFlux_FVA_WT,minFlux_FVA_Mut,maxFlux_FVA_Mut,minFlux_TVA_WT,maxFlux_TVA_WT,minFlux_TVA_Mut,maxFlux_TVA_Mut
Enol_c,Enolase,"gluconeogenesis, glycolysis",0,0,0,1,0.0004,0.00101593849059672,0.0004,0.00101593849059672,-96.1251196857158,-0.322661399151137,-100,0.0227365725362905
PGAM_c,PGA mutase,"gluconeogenesis, glycolysis",0,0,0,1,0.0004,0.00101593849059672,0.0004,0.00101593849059672,-96.1251196857136,-0.322661399151116,-100,0.022736572536223
Tr_H2Oh,H2O diffusion,"transport",0,0,0,1,0.0004,0.00101593849059672,0.0004,0.00101593849059672,4.71507908907004,100,-1.70657931036878,100
Tr_NH41,NH4 diffusion,"transport",0,0,0,1,0.0004,0.00101593849059672,0.0004,0.00101593849059672,0.00825307755506621,4.40773882392637,-0.605954400648208,8.73975520381922
