ReactionID,ReactionName,ReactionSubSystem,IS_BD_FVA_WT,IS_BD_FVA_MUT,IS_BD_TVA_WT,IS_BD_TVA_Mut,minFlux_FVA_WT,maxFlux_FVA_WT,minFlux_FVA_Mut,maxFlux_FVA_Mut,minFlux_TVA_WT,maxFlux_TVA_WT,minFlux_TVA_Mut,maxFlux_TVA_Mut
GABATA1_m,"GABA transaminase",glutamate degradation,0,0,1,0,0.0004,0.00101593849059672,0.0004,0.00101591282469567,-7.75247041749568,1.2436399433513,0.047245496486326,2.74546840601993
Tr_BAT11,"B0,+-type amino acid transporter 1",transport,0,0,1,0,0.0004,0.00101593849059672,0.0004,0.00101591282469567,-0.66460456156148,7.75247041749398,-1.39635695125296,-0.0472454964863566
Tr_CO2h,"CO2 diffusion",transport,0,0,0,1,0.0004,0.00101593849059672,0.0004,0.00101591282469567,4.98230266182021,11.2214437508069,-2.05851837743868,12.3669325727676
Tr_Pyr2,"Pyr diffusion",transport,0,0,1,0,0.0004,0.00101593849059672,0.0004,0.00101591282469567,-7.5010922163126,2.42969886097129,0.0536189228614035,4.76824930071815
Si_H,"Proton sink/source for charge balancing of im-/export",im-/export,0,0,0,1,0.0004,0.00101593849059672,0.0004,0.00101591282469567,-11.5160318702378,-1.79478054845909,-15.9571642498314,0.0254854826392524
