ReactionID,ReactionName,ReactionSubSystem,IS_BD_FVA_WT,IS_BD_FVA_MUT,IS_BD_TVA_WT,IS_BD_TVA_Mut,minFlux_FVA_WT,maxFlux_FVA_WT,minFlux_FVA_Mut,maxFlux_FVA_Mut,minFlux_TVA_WT,maxFlux_TVA_WT,minFlux_TVA_Mut,maxFlux_TVA_Mut
GABATA1_m,"GABA transaminase",glutamate degradation,0,0,1,0,0.0004,0.00101593849059672,0.0004,0.00101591282469567,-8.25934292863109,1.31322100143389,0.0462636565751637,2.78383900746644
Tr_BAT11,"B0,+-type amino acid transporter 1",transport,0,0,1,0,0.0004,0.00101593849059672,0.0004,0.00101591282469567,-0.698505955536732,8.25934292862891,-1.41505133202074,-0.0462636565751873
Tr_CO2h,"CO2 diffusion",transport,0,0,0,1,0.0004,0.00101593849059672,0.0004,0.00101591282469567,4.65610163614609,11.2745214691452,-2.23839960348502,12.3962051561724
Tr_Pyr2,"Pyr diffusion",transport,0,0,1,0,0.0004,0.00101593849059672,0.0004,0.00101591282469567,-8.01318878155875,2.54620111851183,0.052504632561309,4.82632938738564
Si_H,"Proton sink/source for charge balancing of im-/export",im-/export,0,0,0,1,0.0004,0.00101593849059672,0.0004,0.00101591282469567,-11.7220308104847,-1.70181690768913,-16.0708691812604,0.0694879835630799
