ReactionID,ReactionName,ReactionSubSystem,IS_BD_FVA_WT,IS_BD_FVA_MUT,IS_BD_TVA_WT,IS_BD_TVA_Mut,minFlux_FVA_WT,maxFlux_FVA_WT,minFlux_FVA_Mut,maxFlux_FVA_Mut,minFlux_TVA_WT,maxFlux_TVA_WT,minFlux_TVA_Mut,maxFlux_TVA_Mut
Enol_c,Enolase,"gluconeogenesis, glycolysis",0,0,0,1,0.0004,0.00101593849059672,0.0004,0.00101593849059672,-96.1882479593662,-0.315473273363539,-100,0.0238560324554076
PGAM_c,PGA mutase,"gluconeogenesis, glycolysis",0,0,0,1,0.0004,0.00101593849059672,0.0004,0.00101593849059672,-96.1882479593686,-0.315473273363329,-100,0.023856032455341
Tr_H2Oh,H2O diffusion,"transport",0,0,0,1,0.0004,0.00101593849059672,0.0004,0.00101593849059672,4.65072190977819,100,-1.72323678622775,100
