ReactionID,ReactionName,ReactionSubSystem,IS_BD_FVA_WT,IS_BD_FVA_MUT,IS_BD_TVA_WT,IS_BD_TVA_Mut,minFlux_FVA_WT,maxFlux_FVA_WT,minFlux_FVA_Mut,maxFlux_FVA_Mut,minFlux_TVA_WT,maxFlux_TVA_WT,minFlux_TVA_Mut,maxFlux_TVA_Mut
GABATA1_m,"GABA transaminase",glutamate degradation,0,0,1,0,0.0004,0.00101593849059672,0.0004,0.00101591282469567,-3.61008146840628,0.674992404302377,0.100228757232031,0.674866510257506
Tr_BAT11,"B0,+-type amino acid transporter 1",transport,0,0,1,0,0.0004,0.00101593849059672,0.0004,0.00101591282469567,-0.387610592300763,3.61008146840551,-0.387547633744754,-0.100228757232054
Tr_Pyr2,"Pyr diffusion",transport,0,0,1,0,0.0004,0.00101593849059672,0.0004,0.00101591282469567,-3.3160099596386,1.47175909513242,0.113749635461609,1.47150727901716
