ReactionID,ReactionName,ReactionSubSystem,IS_BD_FVA_WT,IS_BD_FVA_MUT,IS_BD_TVA_WT,IS_BD_TVA_Mut,minFlux_FVA_WT,maxFlux_FVA_WT,minFlux_FVA_Mut,maxFlux_FVA_Mut,minFlux_TVA_WT,maxFlux_TVA_WT,minFlux_TVA_Mut,maxFlux_TVA_Mut
GABATA1_m,"GABA transaminase",glutamate degradation,0,0,1,0,0.0004,0.00101593849059672,0.0004,0.00101591282469567,-5.71832737593161,0.964402419092545,0.0928229962821376,0.964285893786798
Tr_BAT11,"B0,+-type amino acid transporter 1",transport,0,0,1,0,0.0004,0.00101593849059672,0.0004,0.00101591282469567,-0.528554007336618,5.71832737593141,-0.528554445034557,-0.0928229962821686
Tr_Pyr2,"Pyr diffusion",transport,0,0,1,0,0.0004,0.00101593849059672,0.0004,0.00101591282469567,-5.44598438954552,1.96216067080018,0.105344835964675,1.96195668331066
