ReactionID,ReactionName,ReactionSubSystem,IS_BD_FVA_WT,IS_BD_FVA_MUT,IS_BD_TVA_WT,IS_BD_TVA_Mut,minFlux_FVA_WT,maxFlux_FVA_WT,minFlux_FVA_Mut,maxFlux_FVA_Mut,minFlux_TVA_WT,maxFlux_TVA_WT,minFlux_TVA_Mut,maxFlux_TVA_Mut
Enol_c,Enolase,"gluconeogenesis, glycolysis",0,0,0,1,0.0004,0.00101593849059672,0.0004,0.00101593849059672,-95.8360737454009,-0.355573729192948,-100,0.0144385049114772
PGAM_c,PGA mutase,"gluconeogenesis, glycolysis",0,0,0,1,0.0004,0.00101593849059672,0.0004,0.00101593849059672,-95.8360737454012,-0.35557372919293,-100,0.0144385049113589
Tr_DTC1A,Di-/ri-carboxylate carrier,"transport",0,0,0,1,0.0004,0.00101593849059672,0.0004,0.00101593849059672,-100,-100,-100,100
Tr_H2Oh,H2O diffusion,"transport",0,0,0,1,0.0004,0.00101593849059672,0.0004,0.00101593849059672,5.00975182964944,100,-1.64871869014657,100
Tr_NH41,NH4 diffusion,"transport",0,0,0,1,0.0004,0.00101593849059672,0.0004,0.00101593849059672,0.0621234222976206,4.22199709750673,-0.593047224322249,8.62085463625848
