ReactionID,ReactionName,ReactionSubSystem,IS_BD_FVA_WT,IS_BD_FVA_MUT,IS_BD_TVA_WT,IS_BD_TVA_Mut,minFlux_FVA_WT,maxFlux_FVA_WT,minFlux_FVA_Mut,maxFlux_FVA_Mut,minFlux_TVA_WT,maxFlux_TVA_WT,minFlux_TVA_Mut,maxFlux_TVA_Mut
GABATA1_m,"GABA transaminase",glutamate degradation,0,0,1,0,0.0004,0.00101593849059672,0.0004,0.00101591282469567,-3.48482847189001,0.657798266063741,0.100668740891976,0.657671815412585
Tr_BAT11,"B0,+-type amino acid transporter 1",transport,0,0,1,0,0.0004,0.00101593849059672,0.0004,0.00101591282469567,-0.379233515011429,3.48482847188833,-0.37917027815233,-0.100668740892007
Tr_Pyr2,"Pyr diffusion",transport,0,0,1,0,0.0004,0.00101593849059672,0.0004,0.00101591282469567,-3.18946604988818,1.43790538264052,0.114248973000133,1.43765245331312
