ReactionID,ReactionName,ReactionSubSystem,IS_BD_FVA_WT,IS_BD_FVA_MUT,IS_BD_TVA_WT,IS_BD_TVA_Mut,minFlux_FVA_WT,maxFlux_FVA_WT,minFlux_FVA_Mut,maxFlux_FVA_Mut,minFlux_TVA_WT,maxFlux_TVA_WT,minFlux_TVA_Mut,maxFlux_TVA_Mut
GABATA1_m,"GABA transaminase",glutamate degradation,0,0,1,0,0.0004,0.00101593849059672,0.0004,0.00101591282469567,-3.15980700997595,0.613180858880019,0.101810463136957,0.61305296388064
Tr_DTC1A,"Di-/ri-carboxylate carrier",transport,0,0,0,1,0.0004,0.00101593849059672,0.0004,0.00101591282469567,-100,-100,-100,100
Tr_BAT11,"B0,+-type amino acid transporter 1",transport,0,0,1,0,0.0004,0.00101593849059672,0.0004,0.00101591282469567,-0.357495672541841,3.15980700997663,-0.357431713508834,-0.10181046313699
Tr_Pyr2,"Pyr diffusion",transport,0,0,1,0,0.0004,0.00101593849059672,0.0004,0.00101591282469567,-2.8610947718627,1.35005771886406,0.115544713791043,1.34980190084056
